act,scene,stagegroup,stagegroup_raw,setting,onstage,speaker,n_lines,n_tokens
1,1,1,1,1,#ATTENDANTS_Err #Duke_Err #Egeon_Err #OFFICERS.Jailer_Err,#Egeon_Err,2,16
1,1,1,1,2,#ATTENDANTS_Err #Duke_Err #Egeon_Err #OFFICERS.Jailer_Err,#Duke_Err,23,159
1,1,1,1,3,#ATTENDANTS_Err #Duke_Err #Egeon_Err #OFFICERS.Jailer_Err,#Egeon_Err,2,17
1,1,1,1,4,#ATTENDANTS_Err #Duke_Err #Egeon_Err #OFFICERS.Jailer_Err,#Duke_Err,3,22
1,1,1,1,5,#ATTENDANTS_Err #Duke_Err #Egeon_Err #OFFICERS.Jailer_Err,#Egeon_Err,65,489
1,1,1,1,6,#ATTENDANTS_Err #Duke_Err #Egeon_Err #OFFICERS.Jailer_Err,#Duke_Err,2,17
1,1,1,1,7,#ATTENDANTS_Err #Duke_Err #Egeon_Err #OFFICERS.Jailer_Err,#Egeon_Err,23,183
1,1,1,1,8,#ATTENDANTS_Err #Duke_Err #Egeon_Err #OFFICERS.Jailer_Err,#Duke_Err,3,26
1,1,1,1,9,#ATTENDANTS_Err #Duke_Err #Egeon_Err #OFFICERS.Jailer_Err,#Egeon_Err,16,123
1,1,1,1,10,#ATTENDANTS_Err #Duke_Err #Egeon_Err #OFFICERS.Jailer_Err,#Duke_Err,16,122
1,1,1,1,11,#ATTENDANTS_Err #Duke_Err #Egeon_Err #OFFICERS.Jailer_Err,#OFFICERS.Jailer_Err,1,4
1,1,1,1,12,#ATTENDANTS_Err #Duke_Err #Egeon_Err #OFFICERS.Jailer_Err,#Egeon_Err,2,12
1,2,2,3,13,#AntipholusOfSyracuse_Err #DromioOfSyracuse_Err #Merchant1_Err,#Merchant1_Err,8,60
1,2,2,3,14,#AntipholusOfSyracuse_Err #DromioOfSyracuse_Err #Merchant1_Err,#AntipholusOfSyracuse_Err,8,61
1,2,2,3,15,#AntipholusOfSyracuse_Err #DromioOfSyracuse_Err #Merchant1_Err,#DromioOfSyracuse_Err,2,17
1,2,3,4,16,#AntipholusOfSyracuse_Err #Merchant1_Err,#AntipholusOfSyracuse_Err,5,41
1,2,3,4,17,#AntipholusOfSyracuse_Err #Merchant1_Err,#Merchant1_Err,6,46
1,2,3,4,18,#AntipholusOfSyracuse_Err #Merchant1_Err,#AntipholusOfSyracuse_Err,2,17
1,2,3,4,19,#AntipholusOfSyracuse_Err #Merchant1_Err,#Merchant1_Err,1,8
1,2,4,5,20,#AntipholusOfSyracuse_Err,#AntipholusOfSyracuse_Err,8,61
1,2,5,6,21,#AntipholusOfSyracuse_Err #DromioOfEphesus_Err,#AntipholusOfSyracuse_Err,2,17
1,2,5,6,22,#AntipholusOfSyracuse_Err #DromioOfEphesus_Err,#DromioOfEphesus_Err,10,83
1,2,5,6,23,#AntipholusOfSyracuse_Err #DromioOfEphesus_Err,#AntipholusOfSyracuse_Err,2,20
1,2,5,6,24,#AntipholusOfSyracuse_Err #DromioOfEphesus_Err,#DromioOfEphesus_Err,3,25
1,2,5,6,25,#AntipholusOfSyracuse_Err #DromioOfEphesus_Err,#AntipholusOfSyracuse_Err,4,33
1,2,5,6,26,#AntipholusOfSyracuse_Err #DromioOfEphesus_Err,#DromioOfEphesus_Err,7,52
1,2,5,6,27,#AntipholusOfSyracuse_Err #DromioOfEphesus_Err,#AntipholusOfSyracuse_Err,3,27
1,2,5,6,28,#AntipholusOfSyracuse_Err #DromioOfEphesus_Err,#DromioOfEphesus_Err,1,10
1,2,5,6,29,#AntipholusOfSyracuse_Err #DromioOfEphesus_Err,#AntipholusOfSyracuse_Err,2,17
1,2,5,6,30,#AntipholusOfSyracuse_Err #DromioOfEphesus_Err,#DromioOfEphesus_Err,3,27
1,2,5,6,31,#AntipholusOfSyracuse_Err #DromioOfEphesus_Err,#AntipholusOfSyracuse_Err,5,43
1,2,5,6,32,#AntipholusOfSyracuse_Err #DromioOfEphesus_Err,#DromioOfEphesus_Err,5,40
1,2,5,6,33,#AntipholusOfSyracuse_Err #DromioOfEphesus_Err,#AntipholusOfSyracuse_Err,2,8
1,2,5,6,34,#AntipholusOfSyracuse_Err #DromioOfEphesus_Err,#DromioOfEphesus_Err,3,28
1,2,5,6,35,#AntipholusOfSyracuse_Err #DromioOfEphesus_Err,#AntipholusOfSyracuse_Err,2,17
1,2,5,6,36,#AntipholusOfSyracuse_Err #DromioOfEphesus_Err,#DromioOfEphesus_Err,3,20
1,2,6,7,37,#AntipholusOfSyracuse_Err,#AntipholusOfSyracuse_Err,11,80
2,1,7,9,38,#Adriana_Err #Luciana_Err,#Adriana_Err,3,23
2,1,7,9,39,#Adriana_Err #Luciana_Err,#Luciana_Err,6,48
2,1,7,9,40,#Adriana_Err #Luciana_Err,#Adriana_Err,1,8
2,1,7,9,41,#Adriana_Err #Luciana_Err,#Luciana_Err,1,8
2,1,7,9,42,#Adriana_Err #Luciana_Err,#Adriana_Err,1,10
2,1,7,9,43,#Adriana_Err #Luciana_Err,#Luciana_Err,1,9
2,1,7,9,44,#Adriana_Err #Luciana_Err,#Adriana_Err,1,8
2,1,7,9,45,#Adriana_Err #Luciana_Err,#Luciana_Err,11,85
2,1,7,9,46,#Adriana_Err #Luciana_Err,#Adriana_Err,1,7
2,1,7,9,47,#Adriana_Err #Luciana_Err,#Luciana_Err,1,8
2,1,7,9,48,#Adriana_Err #Luciana_Err,#Adriana_Err,1,9
2,1,7,9,49,#Adriana_Err #Luciana_Err,#Luciana_Err,1,8
2,1,7,9,50,#Adriana_Err #Luciana_Err,#Adriana_Err,1,7
2,1,7,9,51,#Adriana_Err #Luciana_Err,#Luciana_Err,1,8
2,1,7,9,52,#Adriana_Err #Luciana_Err,#Adriana_Err,10,82
2,1,7,9,53,#Adriana_Err #Luciana_Err,#Luciana_Err,2,18
2,1,8,10,54,#Adriana_Err #DromioOfEphesus_Err #Luciana_Err,#Adriana_Err,1,8
2,1,8,10,55,#Adriana_Err #DromioOfEphesus_Err #Luciana_Err,#DromioOfEphesus_Err,2,14
2,1,8,10,56,#Adriana_Err #DromioOfEphesus_Err #Luciana_Err,#Adriana_Err,2,10
2,1,8,10,57,#Adriana_Err #DromioOfEphesus_Err #Luciana_Err,#DromioOfEphesus_Err,2,17
2,1,8,10,58,#Adriana_Err #DromioOfEphesus_Err #Luciana_Err,#Luciana_Err,2,10
2,1,8,10,59,#Adriana_Err #DromioOfEphesus_Err #Luciana_Err,#DromioOfEphesus_Err,3,22
2,1,8,10,60,#Adriana_Err #DromioOfEphesus_Err #Luciana_Err,#Adriana_Err,2,18
2,1,8,10,61,#Adriana_Err #DromioOfEphesus_Err #Luciana_Err,#DromioOfEphesus_Err,1,8
2,1,8,10,62,#Adriana_Err #DromioOfEphesus_Err #Luciana_Err,#Adriana_Err,1,4
2,1,8,10,63,#Adriana_Err #DromioOfEphesus_Err #Luciana_Err,#DromioOfEphesus_Err,13,93
2,1,8,10,64,#Adriana_Err #DromioOfEphesus_Err #Luciana_Err,#Luciana_Err,1,2
2,1,8,10,65,#Adriana_Err #DromioOfEphesus_Err #Luciana_Err,#DromioOfEphesus_Err,6,38
2,1,8,10,66,#Adriana_Err #DromioOfEphesus_Err #Luciana_Err,#Adriana_Err,1,9
2,1,8,10,67,#Adriana_Err #DromioOfEphesus_Err #Luciana_Err,#DromioOfEphesus_Err,2,15
2,1,8,10,68,#Adriana_Err #DromioOfEphesus_Err #Luciana_Err,#Adriana_Err,1,9
2,1,8,10,69,#Adriana_Err #DromioOfEphesus_Err #Luciana_Err,#DromioOfEphesus_Err,2,17
2,1,8,10,70,#Adriana_Err #DromioOfEphesus_Err #Luciana_Err,#Adriana_Err,1,7
2,1,8,10,71,#Adriana_Err #DromioOfEphesus_Err #Luciana_Err,#DromioOfEphesus_Err,4,41
2,1,9,11,72,#Adriana_Err #Luciana_Err,#Luciana_Err,1,7
2,1,9,11,73,#Adriana_Err #Luciana_Err,#Adriana_Err,15,119
2,1,9,11,74,#Adriana_Err #Luciana_Err,#Luciana_Err,1,6
2,1,9,11,75,#Adriana_Err #Luciana_Err,#Adriana_Err,13,103
2,1,9,11,76,#Adriana_Err #Luciana_Err,#Luciana_Err,1,7
2,2,10,13,77,#AntipholusOfSyracuse_Err,#AntipholusOfSyracuse_Err,6,51
2,2,11,14,78,#AntipholusOfSyracuse_Err #DromioOfSyracuse_Err,#AntipholusOfSyracuse_Err,6,51
2,2,11,14,79,#AntipholusOfSyracuse_Err #DromioOfSyracuse_Err,#DromioOfSyracuse_Err,1,9
2,2,11,14,80,#AntipholusOfSyracuse_Err #DromioOfSyracuse_Err,#AntipholusOfSyracuse_Err,1,9
2,2,11,14,81,#AntipholusOfSyracuse_Err #DromioOfSyracuse_Err,#DromioOfSyracuse_Err,2,20
2,2,11,14,82,#AntipholusOfSyracuse_Err #DromioOfSyracuse_Err,#AntipholusOfSyracuse_Err,3,25
2,2,11,14,83,#AntipholusOfSyracuse_Err #DromioOfSyracuse_Err,#DromioOfSyracuse_Err,2,20
2,2,11,14,84,#AntipholusOfSyracuse_Err #DromioOfSyracuse_Err,#AntipholusOfSyracuse_Err,2,20
2,2,11,14,85,#AntipholusOfSyracuse_Err #DromioOfSyracuse_Err,#DromioOfSyracuse_Err,2,18
2,2,11,14,86,#AntipholusOfSyracuse_Err #DromioOfSyracuse_Err,#AntipholusOfSyracuse_Err,9,73
2,2,11,14,87,#AntipholusOfSyracuse_Err #DromioOfSyracuse_Err,#DromioOfSyracuse_Err,6,52
2,2,11,14,88,#AntipholusOfSyracuse_Err #DromioOfSyracuse_Err,#AntipholusOfSyracuse_Err,1,4
2,2,11,14,89,#AntipholusOfSyracuse_Err #DromioOfSyracuse_Err,#DromioOfSyracuse_Err,2,7
2,2,11,14,90,#AntipholusOfSyracuse_Err #DromioOfSyracuse_Err,#AntipholusOfSyracuse_Err,1,5
2,2,11,14,91,#AntipholusOfSyracuse_Err #DromioOfSyracuse_Err,#DromioOfSyracuse_Err,2,12
2,2,11,14,92,#AntipholusOfSyracuse_Err #DromioOfSyracuse_Err,#AntipholusOfSyracuse_Err,3,16
2,2,11,14,93,#AntipholusOfSyracuse_Err #DromioOfSyracuse_Err,#DromioOfSyracuse_Err,4,27
2,2,11,14,94,#AntipholusOfSyracuse_Err #DromioOfSyracuse_Err,#AntipholusOfSyracuse_Err,1,5
2,2,11,14,95,#AntipholusOfSyracuse_Err #DromioOfSyracuse_Err,#DromioOfSyracuse_Err,2,11
2,2,11,14,96,#AntipholusOfSyracuse_Err #DromioOfSyracuse_Err,#AntipholusOfSyracuse_Err,3,17
2,2,11,14,97,#AntipholusOfSyracuse_Err #DromioOfSyracuse_Err,#DromioOfSyracuse_Err,2,10
2,2,11,14,98,#AntipholusOfSyracuse_Err #DromioOfSyracuse_Err,#AntipholusOfSyracuse_Err,2,6
2,2,11,14,99,#AntipholusOfSyracuse_Err #DromioOfSyracuse_Err,#DromioOfSyracuse_Err,1,1
2,2,11,14,100,#AntipholusOfSyracuse_Err #DromioOfSyracuse_Err,#AntipholusOfSyracuse_Err,1,6
2,2,11,14,101,#AntipholusOfSyracuse_Err #DromioOfSyracuse_Err,#DromioOfSyracuse_Err,2,11
2,2,11,14,102,#AntipholusOfSyracuse_Err #DromioOfSyracuse_Err,#AntipholusOfSyracuse_Err,1,2
2,2,11,14,103,#AntipholusOfSyracuse_Err #DromioOfSyracuse_Err,#DromioOfSyracuse_Err,2,11
2,2,11,14,104,#AntipholusOfSyracuse_Err #DromioOfSyracuse_Err,#AntipholusOfSyracuse_Err,2,14
2,2,11,14,105,#AntipholusOfSyracuse_Err #DromioOfSyracuse_Err,#DromioOfSyracuse_Err,2,10
2,2,11,14,106,#AntipholusOfSyracuse_Err #DromioOfSyracuse_Err,#AntipholusOfSyracuse_Err,1,4
2,2,11,14,107,#AntipholusOfSyracuse_Err #DromioOfSyracuse_Err,#DromioOfSyracuse_Err,2,16
2,2,11,14,108,#AntipholusOfSyracuse_Err #DromioOfSyracuse_Err,#AntipholusOfSyracuse_Err,1,3
2,2,11,14,109,#AntipholusOfSyracuse_Err #DromioOfSyracuse_Err,#DromioOfSyracuse_Err,2,15
2,2,11,14,110,#AntipholusOfSyracuse_Err #DromioOfSyracuse_Err,#AntipholusOfSyracuse_Err,2,9
2,2,11,14,111,#AntipholusOfSyracuse_Err #DromioOfSyracuse_Err,#DromioOfSyracuse_Err,2,16
2,2,11,14,112,#AntipholusOfSyracuse_Err #DromioOfSyracuse_Err,#AntipholusOfSyracuse_Err,2,16
2,2,11,14,113,#AntipholusOfSyracuse_Err #DromioOfSyracuse_Err,#DromioOfSyracuse_Err,3,24
2,2,11,14,114,#AntipholusOfSyracuse_Err #DromioOfSyracuse_Err,#AntipholusOfSyracuse_Err,2,11
2,2,11,14,115,#AntipholusOfSyracuse_Err #DromioOfSyracuse_Err,#DromioOfSyracuse_Err,2,14
2,2,11,14,116,#AntipholusOfSyracuse_Err #DromioOfSyracuse_Err,#AntipholusOfSyracuse_Err,2,10
2,2,11,14,117,#AntipholusOfSyracuse_Err #DromioOfSyracuse_Err,#DromioOfSyracuse_Err,2,15
2,2,11,14,118,#AntipholusOfSyracuse_Err #DromioOfSyracuse_Err,#AntipholusOfSyracuse_Err,1,3
2,2,11,14,119,#AntipholusOfSyracuse_Err #DromioOfSyracuse_Err,#DromioOfSyracuse_Err,1,6
2,2,11,14,120,#AntipholusOfSyracuse_Err #DromioOfSyracuse_Err,#AntipholusOfSyracuse_Err,1,6
2,2,11,14,121,#AntipholusOfSyracuse_Err #DromioOfSyracuse_Err,#DromioOfSyracuse_Err,1,3
2,2,11,14,122,#AntipholusOfSyracuse_Err #DromioOfSyracuse_Err,#AntipholusOfSyracuse_Err,2,7
2,2,11,14,123,#AntipholusOfSyracuse_Err #DromioOfSyracuse_Err,#DromioOfSyracuse_Err,1,3
2,2,11,14,124,#AntipholusOfSyracuse_Err #DromioOfSyracuse_Err,#AntipholusOfSyracuse_Err,1,2
2,2,11,14,125,#AntipholusOfSyracuse_Err #DromioOfSyracuse_Err,#DromioOfSyracuse_Err,3,23
2,2,11,14,126,#AntipholusOfSyracuse_Err #DromioOfSyracuse_Err,#AntipholusOfSyracuse_Err,2,14
2,2,11,14,127,#AntipholusOfSyracuse_Err #DromioOfSyracuse_Err,#DromioOfSyracuse_Err,2,14
2,2,11,14,128,#AntipholusOfSyracuse_Err #DromioOfSyracuse_Err,#AntipholusOfSyracuse_Err,2,13
2,2,11,14,129,#AntipholusOfSyracuse_Err #DromioOfSyracuse_Err,#DromioOfSyracuse_Err,3,18
2,2,11,14,130,#AntipholusOfSyracuse_Err #DromioOfSyracuse_Err,#AntipholusOfSyracuse_Err,2,13
2,2,12,15,131,#Adriana_Err #AntipholusOfSyracuse_Err #DromioOfSyracuse_Err #Luciana_Err,#Adriana_Err,38,289
2,2,12,15,132,#Adriana_Err #AntipholusOfSyracuse_Err #DromioOfSyracuse_Err #Luciana_Err,#AntipholusOfSyracuse_Err,5,44
2,2,12,15,133,#Adriana_Err #AntipholusOfSyracuse_Err #DromioOfSyracuse_Err #Luciana_Err,#Luciana_Err,3,27
2,2,12,15,134,#Adriana_Err #AntipholusOfSyracuse_Err #DromioOfSyracuse_Err #Luciana_Err,#AntipholusOfSyracuse_Err,1,2
2,2,12,15,135,#Adriana_Err #AntipholusOfSyracuse_Err #DromioOfSyracuse_Err #Luciana_Err,#DromioOfSyracuse_Err,1,2
2,2,12,15,136,#Adriana_Err #AntipholusOfSyracuse_Err #DromioOfSyracuse_Err #Luciana_Err,#Adriana_Err,3,27
2,2,12,15,137,#Adriana_Err #AntipholusOfSyracuse_Err #DromioOfSyracuse_Err #Luciana_Err,#AntipholusOfSyracuse_Err,2,16
2,2,12,15,138,#Adriana_Err #AntipholusOfSyracuse_Err #DromioOfSyracuse_Err #Luciana_Err,#DromioOfSyracuse_Err,1,9
2,2,12,15,139,#Adriana_Err #AntipholusOfSyracuse_Err #DromioOfSyracuse_Err #Luciana_Err,#AntipholusOfSyracuse_Err,2,16
2,2,12,15,140,#Adriana_Err #AntipholusOfSyracuse_Err #DromioOfSyracuse_Err #Luciana_Err,#DromioOfSyracuse_Err,1,9
2,2,12,15,141,#Adriana_Err #AntipholusOfSyracuse_Err #DromioOfSyracuse_Err #Luciana_Err,#AntipholusOfSyracuse_Err,2,15
2,2,12,15,142,#Adriana_Err #AntipholusOfSyracuse_Err #DromioOfSyracuse_Err #Luciana_Err,#Adriana_Err,13,103
2,2,12,15,143,#Adriana_Err #AntipholusOfSyracuse_Err #DromioOfSyracuse_Err #Luciana_Err,#AntipholusOfSyracuse_Err,6,48
2,2,12,15,144,#Adriana_Err #AntipholusOfSyracuse_Err #DromioOfSyracuse_Err #Luciana_Err,#Luciana_Err,1,8
2,2,12,15,145,#Adriana_Err #AntipholusOfSyracuse_Err #DromioOfSyracuse_Err #Luciana_Err,#DromioOfSyracuse_Err,5,44
2,2,12,15,146,#Adriana_Err #AntipholusOfSyracuse_Err #DromioOfSyracuse_Err #Luciana_Err,#Luciana_Err,3,17
2,2,12,15,147,#Adriana_Err #AntipholusOfSyracuse_Err #DromioOfSyracuse_Err #Luciana_Err,#DromioOfSyracuse_Err,1,7
2,2,12,15,148,#Adriana_Err #AntipholusOfSyracuse_Err #DromioOfSyracuse_Err #Luciana_Err,#AntipholusOfSyracuse_Err,1,10
2,2,12,15,149,#Adriana_Err #AntipholusOfSyracuse_Err #DromioOfSyracuse_Err #Luciana_Err,#DromioOfSyracuse_Err,1,9
2,2,12,15,150,#Adriana_Err #AntipholusOfSyracuse_Err #DromioOfSyracuse_Err #Luciana_Err,#AntipholusOfSyracuse_Err,1,5
2,2,12,15,151,#Adriana_Err #AntipholusOfSyracuse_Err #DromioOfSyracuse_Err #Luciana_Err,#DromioOfSyracuse_Err,1,5
2,2,12,15,152,#Adriana_Err #AntipholusOfSyracuse_Err #DromioOfSyracuse_Err #Luciana_Err,#Luciana_Err,1,10
2,2,12,15,153,#Adriana_Err #AntipholusOfSyracuse_Err #DromioOfSyracuse_Err #Luciana_Err,#DromioOfSyracuse_Err,3,32
2,2,12,15,154,#Adriana_Err #AntipholusOfSyracuse_Err #DromioOfSyracuse_Err #Luciana_Err,#Adriana_Err,9,74
2,2,12,15,155,#Adriana_Err #AntipholusOfSyracuse_Err #DromioOfSyracuse_Err #Luciana_Err,#AntipholusOfSyracuse_Err,5,38
2,2,12,15,156,#Adriana_Err #AntipholusOfSyracuse_Err #DromioOfSyracuse_Err #Luciana_Err,#DromioOfSyracuse_Err,1,8
2,2,12,15,157,#Adriana_Err #AntipholusOfSyracuse_Err #DromioOfSyracuse_Err #Luciana_Err,#Adriana_Err,1,10
2,2,12,15,158,#Adriana_Err #AntipholusOfSyracuse_Err #DromioOfSyracuse_Err #Luciana_Err,#Luciana_Err,1,7
3,1,13,17,159,#Angelo_Err #AntipholusOfEphesus_Err #Balthasar_Err #DromioOfEphesus_Err,#AntipholusOfEphesus_Err,10,88
3,1,13,17,160,#Angelo_Err #AntipholusOfEphesus_Err #Balthasar_Err #DromioOfEphesus_Err,#DromioOfEphesus_Err,6,45
3,1,13,17,161,#Angelo_Err #AntipholusOfEphesus_Err #Balthasar_Err #DromioOfEphesus_Err,#AntipholusOfEphesus_Err,1,6
3,1,13,17,162,#Angelo_Err #AntipholusOfEphesus_Err #Balthasar_Err #DromioOfEphesus_Err,#DromioOfEphesus_Err,4,36
3,1,13,17,163,#Angelo_Err #AntipholusOfEphesus_Err #Balthasar_Err #DromioOfEphesus_Err,#AntipholusOfEphesus_Err,3,17
3,1,13,17,164,#Angelo_Err #AntipholusOfEphesus_Err #Balthasar_Err #DromioOfEphesus_Err,#Balthasar_Err,2,10
3,1,13,17,165,#Angelo_Err #AntipholusOfEphesus_Err #Balthasar_Err #DromioOfEphesus_Err,#AntipholusOfEphesus_Err,3,18
3,1,13,17,166,#Angelo_Err #AntipholusOfEphesus_Err #Balthasar_Err #DromioOfEphesus_Err,#Balthasar_Err,1,9
3,1,13,17,167,#Angelo_Err #AntipholusOfEphesus_Err #Balthasar_Err #DromioOfEphesus_Err,#AntipholusOfEphesus_Err,2,9
3,1,13,17,168,#Angelo_Err #AntipholusOfEphesus_Err #Balthasar_Err #DromioOfEphesus_Err,#Balthasar_Err,2,9
3,1,13,17,169,#Angelo_Err #AntipholusOfEphesus_Err #Balthasar_Err #DromioOfEphesus_Err,#AntipholusOfEphesus_Err,7,42
3,1,13,17,170,#Angelo_Err #AntipholusOfEphesus_Err #Balthasar_Err #DromioOfEphesus_Err,#DromioOfEphesus_Err,1,6
3,1,14,18,171,#Angelo_Err #AntipholusOfEphesus_Err #Balthasar_Err #DromioOfEphesus_Err #DromioOfSyracuse_Err,#DromioOfSyracuse_Err,7,41
3,1,14,18,172,#Angelo_Err #AntipholusOfEphesus_Err #Balthasar_Err #DromioOfEphesus_Err #DromioOfSyracuse_Err,#DromioOfEphesus_Err,2,12
3,1,14,18,173,#Angelo_Err #AntipholusOfEphesus_Err #Balthasar_Err #DromioOfEphesus_Err #DromioOfSyracuse_Err,#DromioOfSyracuse_Err,2,14
3,1,14,18,174,#Angelo_Err #AntipholusOfEphesus_Err #Balthasar_Err #DromioOfEphesus_Err #DromioOfSyracuse_Err,#AntipholusOfEphesus_Err,1,8
3,1,14,18,175,#Angelo_Err #AntipholusOfEphesus_Err #Balthasar_Err #DromioOfEphesus_Err #DromioOfSyracuse_Err,#DromioOfSyracuse_Err,2,11
3,1,14,18,176,#Angelo_Err #AntipholusOfEphesus_Err #Balthasar_Err #DromioOfEphesus_Err #DromioOfSyracuse_Err,#AntipholusOfEphesus_Err,1,9
3,1,14,18,177,#Angelo_Err #AntipholusOfEphesus_Err #Balthasar_Err #DromioOfEphesus_Err #DromioOfSyracuse_Err,#DromioOfSyracuse_Err,2,11
3,1,14,18,178,#Angelo_Err #AntipholusOfEphesus_Err #Balthasar_Err #DromioOfEphesus_Err #DromioOfSyracuse_Err,#AntipholusOfEphesus_Err,2,12
3,1,14,18,179,#Angelo_Err #AntipholusOfEphesus_Err #Balthasar_Err #DromioOfEphesus_Err #DromioOfSyracuse_Err,#DromioOfSyracuse_Err,2,11
3,1,14,18,180,#Angelo_Err #AntipholusOfEphesus_Err #Balthasar_Err #DromioOfEphesus_Err #DromioOfSyracuse_Err,#DromioOfEphesus_Err,7,45
3,1,15,19,181,#Angelo_Err #AntipholusOfEphesus_Err #Balthasar_Err #DromioOfEphesus_Err #DromioOfSyracuse_Err #Luce_Err,#Luce_Err,2,12
3,1,15,19,182,#Angelo_Err #AntipholusOfEphesus_Err #Balthasar_Err #DromioOfEphesus_Err #DromioOfSyracuse_Err #Luce_Err,#DromioOfEphesus_Err,1,5
3,1,15,19,183,#Angelo_Err #AntipholusOfEphesus_Err #Balthasar_Err #DromioOfEphesus_Err #DromioOfSyracuse_Err #Luce_Err,#Luce_Err,2,11
3,1,15,19,184,#Angelo_Err #AntipholusOfEphesus_Err #Balthasar_Err #DromioOfEphesus_Err #DromioOfSyracuse_Err #Luce_Err,#DromioOfEphesus_Err,2,17
3,1,15,19,185,#Angelo_Err #AntipholusOfEphesus_Err #Balthasar_Err #DromioOfEphesus_Err #DromioOfSyracuse_Err #Luce_Err,#Luce_Err,2,10
3,1,15,19,186,#Angelo_Err #AntipholusOfEphesus_Err #Balthasar_Err #DromioOfEphesus_Err #DromioOfSyracuse_Err #Luce_Err,#DromioOfSyracuse_Err,2,12
3,1,15,19,187,#Angelo_Err #AntipholusOfEphesus_Err #Balthasar_Err #DromioOfEphesus_Err #DromioOfSyracuse_Err #Luce_Err,#AntipholusOfEphesus_Err,1,11
3,1,15,19,188,#Angelo_Err #AntipholusOfEphesus_Err #Balthasar_Err #DromioOfEphesus_Err #DromioOfSyracuse_Err #Luce_Err,#Luce_Err,1,6
3,1,15,19,189,#Angelo_Err #AntipholusOfEphesus_Err #Balthasar_Err #DromioOfEphesus_Err #DromioOfSyracuse_Err #Luce_Err,#DromioOfSyracuse_Err,1,4
3,1,15,19,190,#Angelo_Err #AntipholusOfEphesus_Err #Balthasar_Err #DromioOfEphesus_Err #DromioOfSyracuse_Err #Luce_Err,#DromioOfEphesus_Err,2,10
3,1,15,19,191,#Angelo_Err #AntipholusOfEphesus_Err #Balthasar_Err #DromioOfEphesus_Err #DromioOfSyracuse_Err #Luce_Err,#AntipholusOfEphesus_Err,1,5
3,1,15,19,192,#Angelo_Err #AntipholusOfEphesus_Err #Balthasar_Err #DromioOfEphesus_Err #DromioOfSyracuse_Err #Luce_Err,#Luce_Err,1,6
3,1,15,19,193,#Angelo_Err #AntipholusOfEphesus_Err #Balthasar_Err #DromioOfEphesus_Err #DromioOfSyracuse_Err #Luce_Err,#DromioOfEphesus_Err,1,5
3,1,15,19,194,#Angelo_Err #AntipholusOfEphesus_Err #Balthasar_Err #DromioOfEphesus_Err #DromioOfSyracuse_Err #Luce_Err,#Luce_Err,1,6
3,1,15,19,195,#Angelo_Err #AntipholusOfEphesus_Err #Balthasar_Err #DromioOfEphesus_Err #DromioOfSyracuse_Err #Luce_Err,#AntipholusOfEphesus_Err,1,11
3,1,15,19,196,#Angelo_Err #AntipholusOfEphesus_Err #Balthasar_Err #DromioOfEphesus_Err #DromioOfSyracuse_Err #Luce_Err,#Luce_Err,2,12
3,1,16,20,197,#Adriana_Err #Angelo_Err #AntipholusOfEphesus_Err #Balthasar_Err #DromioOfEphesus_Err #DromioOfSyracuse_Err #Luce_Err,#Adriana_Err,1,11
3,1,16,20,198,#Adriana_Err #Angelo_Err #AntipholusOfEphesus_Err #Balthasar_Err #DromioOfEphesus_Err #DromioOfSyracuse_Err #Luce_Err,#DromioOfSyracuse_Err,2,10
3,1,16,20,199,#Adriana_Err #Angelo_Err #AntipholusOfEphesus_Err #Balthasar_Err #DromioOfEphesus_Err #DromioOfSyracuse_Err #Luce_Err,#AntipholusOfEphesus_Err,1,9
3,1,16,20,200,#Adriana_Err #Angelo_Err #AntipholusOfEphesus_Err #Balthasar_Err #DromioOfEphesus_Err #DromioOfSyracuse_Err #Luce_Err,#Adriana_Err,1,10
3,1,17,21,201,#Angelo_Err #AntipholusOfEphesus_Err #Balthasar_Err #DromioOfEphesus_Err #DromioOfSyracuse_Err,#DromioOfEphesus_Err,2,11
3,1,17,21,202,#Angelo_Err #AntipholusOfEphesus_Err #Balthasar_Err #DromioOfEphesus_Err #DromioOfSyracuse_Err,#Angelo_Err,2,12
3,1,17,21,203,#Angelo_Err #AntipholusOfEphesus_Err #Balthasar_Err #DromioOfEphesus_Err #DromioOfSyracuse_Err,#Balthasar_Err,2,10
3,1,17,21,204,#Angelo_Err #AntipholusOfEphesus_Err #Balthasar_Err #DromioOfEphesus_Err #DromioOfSyracuse_Err,#DromioOfEphesus_Err,2,10
3,1,17,21,205,#Angelo_Err #AntipholusOfEphesus_Err #Balthasar_Err #DromioOfEphesus_Err #DromioOfSyracuse_Err,#AntipholusOfEphesus_Err,2,11
3,1,17,21,206,#Angelo_Err #AntipholusOfEphesus_Err #Balthasar_Err #DromioOfEphesus_Err #DromioOfSyracuse_Err,#DromioOfEphesus_Err,6,37
3,1,17,21,207,#Angelo_Err #AntipholusOfEphesus_Err #Balthasar_Err #DromioOfEphesus_Err #DromioOfSyracuse_Err,#AntipholusOfEphesus_Err,1,9
3,1,17,21,208,#Angelo_Err #AntipholusOfEphesus_Err #Balthasar_Err #DromioOfEphesus_Err #DromioOfSyracuse_Err,#DromioOfSyracuse_Err,2,10
3,1,17,21,209,#Angelo_Err #AntipholusOfEphesus_Err #Balthasar_Err #DromioOfEphesus_Err #DromioOfSyracuse_Err,#DromioOfEphesus_Err,4,27
3,1,17,21,210,#Angelo_Err #AntipholusOfEphesus_Err #Balthasar_Err #DromioOfEphesus_Err #DromioOfSyracuse_Err,#DromioOfSyracuse_Err,1,9
3,1,17,21,211,#Angelo_Err #AntipholusOfEphesus_Err #Balthasar_Err #DromioOfEphesus_Err #DromioOfSyracuse_Err,#DromioOfEphesus_Err,2,12
3,1,17,21,212,#Angelo_Err #AntipholusOfEphesus_Err #Balthasar_Err #DromioOfEphesus_Err #DromioOfSyracuse_Err,#DromioOfSyracuse_Err,2,11
3,1,17,21,213,#Angelo_Err #AntipholusOfEphesus_Err #Balthasar_Err #DromioOfEphesus_Err #DromioOfSyracuse_Err,#AntipholusOfEphesus_Err,1,9
3,1,17,21,214,#Angelo_Err #AntipholusOfEphesus_Err #Balthasar_Err #DromioOfEphesus_Err #DromioOfSyracuse_Err,#DromioOfEphesus_Err,5,32
3,1,17,21,215,#Angelo_Err #AntipholusOfEphesus_Err #Balthasar_Err #DromioOfEphesus_Err #DromioOfSyracuse_Err,#AntipholusOfEphesus_Err,1,9
3,1,17,21,216,#Angelo_Err #AntipholusOfEphesus_Err #Balthasar_Err #DromioOfEphesus_Err #DromioOfSyracuse_Err,#Balthasar_Err,22,164
3,1,17,21,217,#Angelo_Err #AntipholusOfEphesus_Err #Balthasar_Err #DromioOfEphesus_Err #DromioOfSyracuse_Err,#AntipholusOfEphesus_Err,15,123
3,1,17,21,218,#Angelo_Err #AntipholusOfEphesus_Err #Balthasar_Err #DromioOfEphesus_Err #DromioOfSyracuse_Err,#Angelo_Err,1,9
3,1,17,21,219,#Angelo_Err #AntipholusOfEphesus_Err #Balthasar_Err #DromioOfEphesus_Err #DromioOfSyracuse_Err,#AntipholusOfEphesus_Err,1,9
3,2,18,24,220,#AntipholusOfSyracuse_Err #Luciana_Err,#Luciana_Err,30,225
3,2,18,24,221,#AntipholusOfSyracuse_Err #Luciana_Err,#AntipholusOfSyracuse_Err,24,205
3,2,18,24,222,#AntipholusOfSyracuse_Err #Luciana_Err,#Luciana_Err,1,9
3,2,18,24,223,#AntipholusOfSyracuse_Err #Luciana_Err,#AntipholusOfSyracuse_Err,1,9
3,2,18,24,224,#AntipholusOfSyracuse_Err #Luciana_Err,#Luciana_Err,1,9
3,2,18,24,225,#AntipholusOfSyracuse_Err #Luciana_Err,#AntipholusOfSyracuse_Err,1,9
3,2,18,24,226,#AntipholusOfSyracuse_Err #Luciana_Err,#Luciana_Err,2,10
3,2,18,24,227,#AntipholusOfSyracuse_Err #Luciana_Err,#AntipholusOfSyracuse_Err,1,10
3,2,18,24,228,#AntipholusOfSyracuse_Err #Luciana_Err,#Luciana_Err,1,9
3,2,18,24,229,#AntipholusOfSyracuse_Err #Luciana_Err,#AntipholusOfSyracuse_Err,1,3
3,2,18,24,230,#AntipholusOfSyracuse_Err #Luciana_Err,#Luciana_Err,1,3
3,2,18,24,231,#AntipholusOfSyracuse_Err #Luciana_Err,#AntipholusOfSyracuse_Err,5,35
3,2,18,24,232,#AntipholusOfSyracuse_Err #Luciana_Err,#Luciana_Err,1,9
3,2,18,24,233,#AntipholusOfSyracuse_Err #Luciana_Err,#AntipholusOfSyracuse_Err,4,31
3,2,18,24,234,#AntipholusOfSyracuse_Err #Luciana_Err,#Luciana_Err,2,14
3,2,19,26,235,#AntipholusOfSyracuse_Err #DromioOfSyracuse_Err,#AntipholusOfSyracuse_Err,2,9
3,2,19,26,236,#AntipholusOfSyracuse_Err #DromioOfSyracuse_Err,#DromioOfSyracuse_Err,2,15
3,2,19,26,237,#AntipholusOfSyracuse_Err #DromioOfSyracuse_Err,#AntipholusOfSyracuse_Err,2,10
3,2,19,26,238,#AntipholusOfSyracuse_Err #DromioOfSyracuse_Err,#DromioOfSyracuse_Err,2,12
3,2,19,26,239,#AntipholusOfSyracuse_Err #DromioOfSyracuse_Err,#AntipholusOfSyracuse_Err,2,7
3,2,19,26,240,#AntipholusOfSyracuse_Err #DromioOfSyracuse_Err,#DromioOfSyracuse_Err,3,23
3,2,19,26,241,#AntipholusOfSyracuse_Err #DromioOfSyracuse_Err,#AntipholusOfSyracuse_Err,1,6
3,2,19,26,242,#AntipholusOfSyracuse_Err #DromioOfSyracuse_Err,#DromioOfSyracuse_Err,5,41
3,2,19,26,243,#AntipholusOfSyracuse_Err #DromioOfSyracuse_Err,#AntipholusOfSyracuse_Err,1,3
3,2,19,26,244,#AntipholusOfSyracuse_Err #DromioOfSyracuse_Err,#DromioOfSyracuse_Err,4,35
3,2,19,26,245,#AntipholusOfSyracuse_Err #DromioOfSyracuse_Err,#AntipholusOfSyracuse_Err,2,7
3,2,19,26,246,#AntipholusOfSyracuse_Err #DromioOfSyracuse_Err,#DromioOfSyracuse_Err,7,62
3,2,19,26,247,#AntipholusOfSyracuse_Err #DromioOfSyracuse_Err,#AntipholusOfSyracuse_Err,1,5
3,2,19,26,248,#AntipholusOfSyracuse_Err #DromioOfSyracuse_Err,#DromioOfSyracuse_Err,3,26
3,2,19,26,249,#AntipholusOfSyracuse_Err #DromioOfSyracuse_Err,#AntipholusOfSyracuse_Err,2,7
3,2,19,26,250,#AntipholusOfSyracuse_Err #DromioOfSyracuse_Err,#DromioOfSyracuse_Err,2,11
3,2,19,26,251,#AntipholusOfSyracuse_Err #DromioOfSyracuse_Err,#AntipholusOfSyracuse_Err,1,3
3,2,19,26,252,#AntipholusOfSyracuse_Err #DromioOfSyracuse_Err,#DromioOfSyracuse_Err,3,22
3,2,19,26,253,#AntipholusOfSyracuse_Err #DromioOfSyracuse_Err,#AntipholusOfSyracuse_Err,2,5
3,2,19,26,254,#AntipholusOfSyracuse_Err #DromioOfSyracuse_Err,#DromioOfSyracuse_Err,3,24
3,2,19,26,255,#AntipholusOfSyracuse_Err #DromioOfSyracuse_Err,#AntipholusOfSyracuse_Err,2,8
3,2,19,26,256,#AntipholusOfSyracuse_Err #DromioOfSyracuse_Err,#DromioOfSyracuse_Err,2,12
3,2,19,26,257,#AntipholusOfSyracuse_Err #DromioOfSyracuse_Err,#AntipholusOfSyracuse_Err,1,2
3,2,19,26,258,#AntipholusOfSyracuse_Err #DromioOfSyracuse_Err,#DromioOfSyracuse_Err,2,13
3,2,19,26,259,#AntipholusOfSyracuse_Err #DromioOfSyracuse_Err,#AntipholusOfSyracuse_Err,1,2
3,2,19,26,260,#AntipholusOfSyracuse_Err #DromioOfSyracuse_Err,#DromioOfSyracuse_Err,2,11
3,2,19,26,261,#AntipholusOfSyracuse_Err #DromioOfSyracuse_Err,#AntipholusOfSyracuse_Err,1,2
3,2,19,26,262,#AntipholusOfSyracuse_Err #DromioOfSyracuse_Err,#DromioOfSyracuse_Err,4,32
3,2,19,26,263,#AntipholusOfSyracuse_Err #DromioOfSyracuse_Err,#AntipholusOfSyracuse_Err,1,2
3,2,19,26,264,#AntipholusOfSyracuse_Err #DromioOfSyracuse_Err,#DromioOfSyracuse_Err,2,13
3,2,19,26,265,#AntipholusOfSyracuse_Err #DromioOfSyracuse_Err,#AntipholusOfSyracuse_Err,1,4
3,2,19,26,266,#AntipholusOfSyracuse_Err #DromioOfSyracuse_Err,#DromioOfSyracuse_Err,5,33
3,2,19,26,267,#AntipholusOfSyracuse_Err #DromioOfSyracuse_Err,#AntipholusOfSyracuse_Err,2,5
3,2,19,26,268,#AntipholusOfSyracuse_Err #DromioOfSyracuse_Err,#DromioOfSyracuse_Err,11,95
3,2,19,26,269,#AntipholusOfSyracuse_Err #DromioOfSyracuse_Err,#AntipholusOfSyracuse_Err,7,61
3,2,19,26,270,#AntipholusOfSyracuse_Err #DromioOfSyracuse_Err,#DromioOfSyracuse_Err,2,20
3,2,20,27,271,#AntipholusOfSyracuse_Err,#AntipholusOfSyracuse_Err,9,70
3,2,21,28,272,#Angelo_Err #AntipholusOfSyracuse_Err,#Angelo_Err,1,2
3,2,21,28,273,#Angelo_Err #AntipholusOfSyracuse_Err,#AntipholusOfSyracuse_Err,1,4
3,2,21,28,274,#Angelo_Err #AntipholusOfSyracuse_Err,#Angelo_Err,3,26
3,2,21,28,275,#Angelo_Err #AntipholusOfSyracuse_Err,#AntipholusOfSyracuse_Err,1,10
3,2,21,28,276,#Angelo_Err #AntipholusOfSyracuse_Err,#Angelo_Err,1,10
3,2,21,28,277,#Angelo_Err #AntipholusOfSyracuse_Err,#AntipholusOfSyracuse_Err,1,9
3,2,21,28,278,#Angelo_Err #AntipholusOfSyracuse_Err,#Angelo_Err,4,34
3,2,21,28,279,#Angelo_Err #AntipholusOfSyracuse_Err,#AntipholusOfSyracuse_Err,2,17
3,2,21,28,280,#Angelo_Err #AntipholusOfSyracuse_Err,#Angelo_Err,1,9
3,2,22,29,281,#AntipholusOfSyracuse_Err,#AntipholusOfSyracuse_Err,7,63
4,1,23,31,282,#Angelo_Err #Merchant2_Err #OFFICERS.X_Err,#Merchant2_Err,6,45
4,1,23,31,283,#Angelo_Err #Merchant2_Err #OFFICERS.X_Err,#Angelo_Err,7,60
4,1,24,32,284,#Angelo_Err #AntipholusOfEphesus_Err #DromioOfEphesus_Err #Merchant2_Err #OFFICERS.X_Err,#OFFICERS.X_Err,1,9
4,1,24,32,285,#Angelo_Err #AntipholusOfEphesus_Err #DromioOfEphesus_Err #Merchant2_Err #OFFICERS.X_Err,#AntipholusOfEphesus_Err,6,52
4,1,24,32,286,#Angelo_Err #AntipholusOfEphesus_Err #DromioOfEphesus_Err #Merchant2_Err #OFFICERS.X_Err,#DromioOfEphesus_Err,1,11
4,1,25,33,287,#Angelo_Err #AntipholusOfEphesus_Err #Merchant2_Err #OFFICERS.X_Err,#AntipholusOfEphesus_Err,5,43
4,1,25,33,288,#Angelo_Err #AntipholusOfEphesus_Err #Merchant2_Err #OFFICERS.X_Err,#Angelo_Err,7,56
4,1,25,33,289,#Angelo_Err #AntipholusOfEphesus_Err #Merchant2_Err #OFFICERS.X_Err,#AntipholusOfEphesus_Err,6,50
4,1,25,33,290,#Angelo_Err #AntipholusOfEphesus_Err #Merchant2_Err #OFFICERS.X_Err,#Angelo_Err,1,9
4,1,25,33,291,#Angelo_Err #AntipholusOfEphesus_Err #Merchant2_Err #OFFICERS.X_Err,#AntipholusOfEphesus_Err,1,11
4,1,25,33,292,#Angelo_Err #AntipholusOfEphesus_Err #Merchant2_Err #OFFICERS.X_Err,#Angelo_Err,1,10
4,1,25,33,293,#Angelo_Err #AntipholusOfEphesus_Err #Merchant2_Err #OFFICERS.X_Err,#AntipholusOfEphesus_Err,2,18
4,1,25,33,294,#Angelo_Err #AntipholusOfEphesus_Err #Merchant2_Err #OFFICERS.X_Err,#Angelo_Err,3,28
4,1,25,33,295,#Angelo_Err #AntipholusOfEphesus_Err #Merchant2_Err #OFFICERS.X_Err,#AntipholusOfEphesus_Err,4,33
4,1,25,33,296,#Angelo_Err #AntipholusOfEphesus_Err #Merchant2_Err #OFFICERS.X_Err,#Merchant2_Err,1,9
4,1,25,33,297,#Angelo_Err #AntipholusOfEphesus_Err #Merchant2_Err #OFFICERS.X_Err,#Angelo_Err,1,8
4,1,25,33,298,#Angelo_Err #AntipholusOfEphesus_Err #Merchant2_Err #OFFICERS.X_Err,#AntipholusOfEphesus_Err,1,10
4,1,25,33,299,#Angelo_Err #AntipholusOfEphesus_Err #Merchant2_Err #OFFICERS.X_Err,#Angelo_Err,2,20
4,1,25,33,300,#Angelo_Err #AntipholusOfEphesus_Err #Merchant2_Err #OFFICERS.X_Err,#AntipholusOfEphesus_Err,2,20
4,1,25,33,301,#Angelo_Err #AntipholusOfEphesus_Err #Merchant2_Err #OFFICERS.X_Err,#Merchant2_Err,3,23
4,1,25,33,302,#Angelo_Err #AntipholusOfEphesus_Err #Merchant2_Err #OFFICERS.X_Err,#AntipholusOfEphesus_Err,1,8
4,1,25,33,303,#Angelo_Err #AntipholusOfEphesus_Err #Merchant2_Err #OFFICERS.X_Err,#Angelo_Err,1,9
4,1,25,33,304,#Angelo_Err #AntipholusOfEphesus_Err #Merchant2_Err #OFFICERS.X_Err,#AntipholusOfEphesus_Err,1,9
4,1,25,33,305,#Angelo_Err #AntipholusOfEphesus_Err #Merchant2_Err #OFFICERS.X_Err,#Angelo_Err,1,10
4,1,25,33,306,#Angelo_Err #AntipholusOfEphesus_Err #Merchant2_Err #OFFICERS.X_Err,#AntipholusOfEphesus_Err,1,11
4,1,25,33,307,#Angelo_Err #AntipholusOfEphesus_Err #Merchant2_Err #OFFICERS.X_Err,#Angelo_Err,2,15
4,1,25,33,308,#Angelo_Err #AntipholusOfEphesus_Err #Merchant2_Err #OFFICERS.X_Err,#Merchant2_Err,1,7
4,1,25,33,309,#Angelo_Err #AntipholusOfEphesus_Err #Merchant2_Err #OFFICERS.X_Err,#OFFICERS.X_Err,2,12
4,1,25,33,310,#Angelo_Err #AntipholusOfEphesus_Err #Merchant2_Err #OFFICERS.X_Err,#Angelo_Err,3,20
4,1,25,33,311,#Angelo_Err #AntipholusOfEphesus_Err #Merchant2_Err #OFFICERS.X_Err,#AntipholusOfEphesus_Err,2,15
4,1,25,33,312,#Angelo_Err #AntipholusOfEphesus_Err #Merchant2_Err #OFFICERS.X_Err,#Angelo_Err,3,23
4,1,25,33,313,#Angelo_Err #AntipholusOfEphesus_Err #Merchant2_Err #OFFICERS.X_Err,#OFFICERS.X_Err,1,9
4,1,25,33,314,#Angelo_Err #AntipholusOfEphesus_Err #Merchant2_Err #OFFICERS.X_Err,#AntipholusOfEphesus_Err,4,27
4,1,25,33,315,#Angelo_Err #AntipholusOfEphesus_Err #Merchant2_Err #OFFICERS.X_Err,#Angelo_Err,2,16
4,1,26,34,316,#Angelo_Err #AntipholusOfEphesus_Err #DromioOfSyracuse_Err #Merchant2_Err #OFFICERS.X_Err,#DromioOfSyracuse_Err,8,64
4,1,26,34,317,#Angelo_Err #AntipholusOfEphesus_Err #DromioOfSyracuse_Err #Merchant2_Err #OFFICERS.X_Err,#AntipholusOfEphesus_Err,2,15
4,1,26,34,318,#Angelo_Err #AntipholusOfEphesus_Err #DromioOfSyracuse_Err #Merchant2_Err #OFFICERS.X_Err,#DromioOfSyracuse_Err,1,9
4,1,26,34,319,#Angelo_Err #AntipholusOfEphesus_Err #DromioOfSyracuse_Err #Merchant2_Err #OFFICERS.X_Err,#AntipholusOfEphesus_Err,2,18
4,1,26,34,320,#Angelo_Err #AntipholusOfEphesus_Err #DromioOfSyracuse_Err #Merchant2_Err #OFFICERS.X_Err,#DromioOfSyracuse_Err,2,19
4,1,26,34,321,#Angelo_Err #AntipholusOfEphesus_Err #DromioOfSyracuse_Err #Merchant2_Err #OFFICERS.X_Err,#AntipholusOfEphesus_Err,9,74
4,1,27,35,322,#DromioOfSyracuse_Err,#DromioOfSyracuse_Err,5,39
4,2,28,37,323,#Adriana_Err #Luciana_Err,#Adriana_Err,6,48
4,2,28,37,324,#Adriana_Err #Luciana_Err,#Luciana_Err,1,9
4,2,28,37,325,#Adriana_Err #Luciana_Err,#Adriana_Err,1,10
4,2,28,37,326,#Adriana_Err #Luciana_Err,#Luciana_Err,1,9
4,2,28,37,327,#Adriana_Err #Luciana_Err,#Adriana_Err,1,9
4,2,28,37,328,#Adriana_Err #Luciana_Err,#Luciana_Err,1,5
4,2,28,37,329,#Adriana_Err #Luciana_Err,#Adriana_Err,1,4
4,2,28,37,330,#Adriana_Err #Luciana_Err,#Luciana_Err,1,10
4,2,28,37,331,#Adriana_Err #Luciana_Err,#Adriana_Err,1,8
4,2,28,37,332,#Adriana_Err #Luciana_Err,#Luciana_Err,2,18
4,2,28,37,333,#Adriana_Err #Luciana_Err,#Adriana_Err,1,4
4,2,28,37,334,#Adriana_Err #Luciana_Err,#Luciana_Err,1,4
4,2,28,37,335,#Adriana_Err #Luciana_Err,#Adriana_Err,6,41
4,2,28,37,336,#Adriana_Err #Luciana_Err,#Luciana_Err,2,18
4,2,28,37,337,#Adriana_Err #Luciana_Err,#Adriana_Err,5,35
4,2,29,38,338,#Adriana_Err #DromioOfSyracuse_Err #Luciana_Err,#DromioOfSyracuse_Err,2,10
4,2,29,38,339,#Adriana_Err #DromioOfSyracuse_Err #Luciana_Err,#Luciana_Err,1,6
4,2,29,38,340,#Adriana_Err #DromioOfSyracuse_Err #Luciana_Err,#DromioOfSyracuse_Err,1,3
4,2,29,38,341,#Adriana_Err #DromioOfSyracuse_Err #Luciana_Err,#Adriana_Err,1,8
4,2,29,38,342,#Adriana_Err #DromioOfSyracuse_Err #Luciana_Err,#DromioOfSyracuse_Err,12,77
4,2,29,38,343,#Adriana_Err #DromioOfSyracuse_Err #Luciana_Err,#Adriana_Err,1,6
4,2,29,38,344,#Adriana_Err #DromioOfSyracuse_Err #Luciana_Err,#DromioOfSyracuse_Err,1,12
4,2,29,38,345,#Adriana_Err #DromioOfSyracuse_Err #Luciana_Err,#Adriana_Err,1,9
4,2,29,38,346,#Adriana_Err #DromioOfSyracuse_Err #Luciana_Err,#DromioOfSyracuse_Err,5,35
4,2,29,38,347,#Adriana_Err #DromioOfSyracuse_Err #Luciana_Err,#Adriana_Err,1,4
4,2,30,39,348,#Adriana_Err #DromioOfSyracuse_Err,#Adriana_Err,3,21
4,2,30,39,349,#Adriana_Err #DromioOfSyracuse_Err,#DromioOfSyracuse_Err,2,19
4,2,30,39,350,#Adriana_Err #DromioOfSyracuse_Err,#Adriana_Err,1,3
4,2,30,39,351,#Adriana_Err #DromioOfSyracuse_Err,#DromioOfSyracuse_Err,3,23
4,2,30,39,352,#Adriana_Err #DromioOfSyracuse_Err,#Adriana_Err,1,9
4,2,30,39,353,#Adriana_Err #DromioOfSyracuse_Err,#DromioOfSyracuse_Err,2,14
4,2,30,39,354,#Adriana_Err #DromioOfSyracuse_Err,#Adriana_Err,2,11
4,2,30,39,355,#Adriana_Err #DromioOfSyracuse_Err,#DromioOfSyracuse_Err,7,58
4,2,31,40,356,#Adriana_Err #DromioOfSyracuse_Err #Luciana_Err,#Adriana_Err,2,14
4,2,32,41,357,#Adriana_Err #Luciana_Err,#Adriana_Err,2,14
4,3,33,43,358,#AntipholusOfSyracuse_Err,#AntipholusOfSyracuse_Err,11,83
4,3,34,44,359,#AntipholusOfSyracuse_Err #DromioOfSyracuse_Err,#DromioOfSyracuse_Err,3,18
4,3,34,44,360,#AntipholusOfSyracuse_Err #DromioOfSyracuse_Err,#AntipholusOfSyracuse_Err,1,9
4,3,34,44,361,#AntipholusOfSyracuse_Err #DromioOfSyracuse_Err,#DromioOfSyracuse_Err,5,43
4,3,34,44,362,#AntipholusOfSyracuse_Err #DromioOfSyracuse_Err,#AntipholusOfSyracuse_Err,1,4
4,3,34,44,363,#AntipholusOfSyracuse_Err #DromioOfSyracuse_Err,#DromioOfSyracuse_Err,7,63
4,3,34,44,364,#AntipholusOfSyracuse_Err #DromioOfSyracuse_Err,#AntipholusOfSyracuse_Err,2,5
4,3,34,44,365,#AntipholusOfSyracuse_Err #DromioOfSyracuse_Err,#DromioOfSyracuse_Err,4,35
4,3,34,44,366,#AntipholusOfSyracuse_Err #DromioOfSyracuse_Err,#AntipholusOfSyracuse_Err,3,18
4,3,34,44,367,#AntipholusOfSyracuse_Err #DromioOfSyracuse_Err,#DromioOfSyracuse_Err,5,41
4,3,34,44,368,#AntipholusOfSyracuse_Err #DromioOfSyracuse_Err,#AntipholusOfSyracuse_Err,3,21
4,3,35,45,369,#AntipholusOfSyracuse_Err #Courtesan_Err #DromioOfSyracuse_Err,#Courtesan_Err,3,23
4,3,35,45,370,#AntipholusOfSyracuse_Err #Courtesan_Err #DromioOfSyracuse_Err,#AntipholusOfSyracuse_Err,1,8
4,3,35,45,371,#AntipholusOfSyracuse_Err #Courtesan_Err #DromioOfSyracuse_Err,#DromioOfSyracuse_Err,1,5
4,3,35,45,372,#AntipholusOfSyracuse_Err #Courtesan_Err #DromioOfSyracuse_Err,#AntipholusOfSyracuse_Err,1,4
4,3,35,45,373,#AntipholusOfSyracuse_Err #Courtesan_Err #DromioOfSyracuse_Err,#DromioOfSyracuse_Err,8,71
4,3,35,45,374,#AntipholusOfSyracuse_Err #Courtesan_Err #DromioOfSyracuse_Err,#Courtesan_Err,2,18
4,3,35,45,375,#AntipholusOfSyracuse_Err #Courtesan_Err #DromioOfSyracuse_Err,#DromioOfSyracuse_Err,2,12
4,3,35,45,376,#AntipholusOfSyracuse_Err #Courtesan_Err #DromioOfSyracuse_Err,#AntipholusOfSyracuse_Err,1,2
4,3,35,45,377,#AntipholusOfSyracuse_Err #Courtesan_Err #DromioOfSyracuse_Err,#DromioOfSyracuse_Err,2,13
4,3,35,45,378,#AntipholusOfSyracuse_Err #Courtesan_Err #DromioOfSyracuse_Err,#AntipholusOfSyracuse_Err,3,26
4,3,35,45,379,#AntipholusOfSyracuse_Err #Courtesan_Err #DromioOfSyracuse_Err,#Courtesan_Err,3,27
4,3,35,45,380,#AntipholusOfSyracuse_Err #Courtesan_Err #DromioOfSyracuse_Err,#DromioOfSyracuse_Err,5,51
4,3,35,45,381,#AntipholusOfSyracuse_Err #Courtesan_Err #DromioOfSyracuse_Err,#Courtesan_Err,2,20
4,3,35,45,382,#AntipholusOfSyracuse_Err #Courtesan_Err #DromioOfSyracuse_Err,#AntipholusOfSyracuse_Err,1,8
4,3,35,45,383,#AntipholusOfSyracuse_Err #Courtesan_Err #DromioOfSyracuse_Err,#DromioOfSyracuse_Err,2,9
4,3,36,46,384,#Courtesan_Err,#Courtesan_Err,16,129
4,4,37,48,385,#AntipholusOfEphesus_Err #OFFICERS.X_Err,#AntipholusOfEphesus_Err,7,58
4,4,38,49,386,#AntipholusOfEphesus_Err #DromioOfEphesus_Err #OFFICERS.X_Err,#AntipholusOfEphesus_Err,3,20
4,4,38,49,387,#AntipholusOfEphesus_Err #DromioOfEphesus_Err #OFFICERS.X_Err,#DromioOfEphesus_Err,1,9
4,4,38,49,388,#AntipholusOfEphesus_Err #DromioOfEphesus_Err #OFFICERS.X_Err,#AntipholusOfEphesus_Err,1,4
4,4,38,49,389,#AntipholusOfEphesus_Err #DromioOfEphesus_Err #OFFICERS.X_Err,#DromioOfEphesus_Err,1,9
4,4,38,49,390,#AntipholusOfEphesus_Err #DromioOfEphesus_Err #OFFICERS.X_Err,#AntipholusOfEphesus_Err,1,7
4,4,38,49,391,#AntipholusOfEphesus_Err #DromioOfEphesus_Err #OFFICERS.X_Err,#DromioOfEphesus_Err,1,9
4,4,38,49,392,#AntipholusOfEphesus_Err #DromioOfEphesus_Err #OFFICERS.X_Err,#AntipholusOfEphesus_Err,1,10
4,4,38,49,393,#AntipholusOfEphesus_Err #DromioOfEphesus_Err #OFFICERS.X_Err,#DromioOfEphesus_Err,2,12
4,4,38,49,394,#AntipholusOfEphesus_Err #DromioOfEphesus_Err #OFFICERS.X_Err,#AntipholusOfEphesus_Err,1,9
4,4,38,49,395,#AntipholusOfEphesus_Err #DromioOfEphesus_Err #OFFICERS.X_Err,#OFFICERS.X_Err,1,4
4,4,38,49,396,#AntipholusOfEphesus_Err #DromioOfEphesus_Err #OFFICERS.X_Err,#DromioOfEphesus_Err,2,11
4,4,38,49,397,#AntipholusOfEphesus_Err #DromioOfEphesus_Err #OFFICERS.X_Err,#OFFICERS.X_Err,1,5
4,4,38,49,398,#AntipholusOfEphesus_Err #DromioOfEphesus_Err #OFFICERS.X_Err,#DromioOfEphesus_Err,2,8
4,4,38,49,399,#AntipholusOfEphesus_Err #DromioOfEphesus_Err #OFFICERS.X_Err,#AntipholusOfEphesus_Err,2,4
4,4,38,49,400,#AntipholusOfEphesus_Err #DromioOfEphesus_Err #OFFICERS.X_Err,#DromioOfEphesus_Err,2,13
4,4,38,49,401,#AntipholusOfEphesus_Err #DromioOfEphesus_Err #OFFICERS.X_Err,#AntipholusOfEphesus_Err,2,12
4,4,38,49,402,#AntipholusOfEphesus_Err #DromioOfEphesus_Err #OFFICERS.X_Err,#DromioOfEphesus_Err,12,117
4,4,39,50,403,#Adriana_Err #AntipholusOfEphesus_Err #Courtesan_Err #DromioOfEphesus_Err #Luciana_Err #OFFICERS.X_Err #Pinch_Err,#AntipholusOfEphesus_Err,1,8
4,4,39,50,404,#Adriana_Err #AntipholusOfEphesus_Err #Courtesan_Err #DromioOfEphesus_Err #Luciana_Err #OFFICERS.X_Err #Pinch_Err,#DromioOfEphesus_Err,3,17
4,4,39,50,405,#Adriana_Err #AntipholusOfEphesus_Err #Courtesan_Err #DromioOfEphesus_Err #Luciana_Err #OFFICERS.X_Err #Pinch_Err,#AntipholusOfEphesus_Err,1,4
4,4,39,50,406,#Adriana_Err #AntipholusOfEphesus_Err #Courtesan_Err #DromioOfEphesus_Err #Luciana_Err #OFFICERS.X_Err #Pinch_Err,#Courtesan_Err,1,9
4,4,39,50,407,#Adriana_Err #AntipholusOfEphesus_Err #Courtesan_Err #DromioOfEphesus_Err #Luciana_Err #OFFICERS.X_Err #Pinch_Err,#Adriana_Err,4,28
4,4,39,50,408,#Adriana_Err #AntipholusOfEphesus_Err #Courtesan_Err #DromioOfEphesus_Err #Luciana_Err #OFFICERS.X_Err #Pinch_Err,#Luciana_Err,1,8
4,4,39,50,409,#Adriana_Err #AntipholusOfEphesus_Err #Courtesan_Err #DromioOfEphesus_Err #Luciana_Err #OFFICERS.X_Err #Pinch_Err,#Courtesan_Err,1,7
4,4,39,50,410,#Adriana_Err #AntipholusOfEphesus_Err #Courtesan_Err #DromioOfEphesus_Err #Luciana_Err #OFFICERS.X_Err #Pinch_Err,#Pinch_Err,1,10
4,4,39,50,411,#Adriana_Err #AntipholusOfEphesus_Err #Courtesan_Err #DromioOfEphesus_Err #Luciana_Err #OFFICERS.X_Err #Pinch_Err,#AntipholusOfEphesus_Err,1,10
4,4,39,50,412,#Adriana_Err #AntipholusOfEphesus_Err #Courtesan_Err #DromioOfEphesus_Err #Luciana_Err #OFFICERS.X_Err #Pinch_Err,#Pinch_Err,4,33
4,4,39,50,413,#Adriana_Err #AntipholusOfEphesus_Err #Courtesan_Err #DromioOfEphesus_Err #Luciana_Err #OFFICERS.X_Err #Pinch_Err,#AntipholusOfEphesus_Err,1,8
4,4,39,50,414,#Adriana_Err #AntipholusOfEphesus_Err #Courtesan_Err #DromioOfEphesus_Err #Luciana_Err #OFFICERS.X_Err #Pinch_Err,#Adriana_Err,1,8
4,4,39,50,415,#Adriana_Err #AntipholusOfEphesus_Err #Courtesan_Err #DromioOfEphesus_Err #Luciana_Err #OFFICERS.X_Err #Pinch_Err,#AntipholusOfEphesus_Err,5,38
4,4,39,50,416,#Adriana_Err #AntipholusOfEphesus_Err #Courtesan_Err #DromioOfEphesus_Err #Luciana_Err #OFFICERS.X_Err #Pinch_Err,#Adriana_Err,3,25
4,4,39,50,417,#Adriana_Err #AntipholusOfEphesus_Err #Courtesan_Err #DromioOfEphesus_Err #Luciana_Err #OFFICERS.X_Err #Pinch_Err,#AntipholusOfEphesus_Err,2,8
4,4,39,50,418,#Adriana_Err #AntipholusOfEphesus_Err #Courtesan_Err #DromioOfEphesus_Err #Luciana_Err #OFFICERS.X_Err #Pinch_Err,#DromioOfEphesus_Err,1,10
4,4,39,50,419,#Adriana_Err #AntipholusOfEphesus_Err #Courtesan_Err #DromioOfEphesus_Err #Luciana_Err #OFFICERS.X_Err #Pinch_Err,#AntipholusOfEphesus_Err,1,10
4,4,39,50,420,#Adriana_Err #AntipholusOfEphesus_Err #Courtesan_Err #DromioOfEphesus_Err #Luciana_Err #OFFICERS.X_Err #Pinch_Err,#DromioOfEphesus_Err,1,9
4,4,39,50,421,#Adriana_Err #AntipholusOfEphesus_Err #Courtesan_Err #DromioOfEphesus_Err #Luciana_Err #OFFICERS.X_Err #Pinch_Err,#AntipholusOfEphesus_Err,1,8
4,4,39,50,422,#Adriana_Err #AntipholusOfEphesus_Err #Courtesan_Err #DromioOfEphesus_Err #Luciana_Err #OFFICERS.X_Err #Pinch_Err,#DromioOfEphesus_Err,1,7
4,4,39,50,423,#Adriana_Err #AntipholusOfEphesus_Err #Courtesan_Err #DromioOfEphesus_Err #Luciana_Err #OFFICERS.X_Err #Pinch_Err,#AntipholusOfEphesus_Err,1,10
4,4,39,50,424,#Adriana_Err #AntipholusOfEphesus_Err #Courtesan_Err #DromioOfEphesus_Err #Luciana_Err #OFFICERS.X_Err #Pinch_Err,#DromioOfEphesus_Err,1,8
4,4,39,50,425,#Adriana_Err #AntipholusOfEphesus_Err #Courtesan_Err #DromioOfEphesus_Err #Luciana_Err #OFFICERS.X_Err #Pinch_Err,#AntipholusOfEphesus_Err,1,9
4,4,39,50,426,#Adriana_Err #AntipholusOfEphesus_Err #Courtesan_Err #DromioOfEphesus_Err #Luciana_Err #OFFICERS.X_Err #Pinch_Err,#DromioOfEphesus_Err,2,17
4,4,39,50,427,#Adriana_Err #AntipholusOfEphesus_Err #Courtesan_Err #DromioOfEphesus_Err #Luciana_Err #OFFICERS.X_Err #Pinch_Err,#Adriana_Err,1,9
4,4,39,50,428,#Adriana_Err #AntipholusOfEphesus_Err #Courtesan_Err #DromioOfEphesus_Err #Luciana_Err #OFFICERS.X_Err #Pinch_Err,#Pinch_Err,2,17
4,4,39,50,429,#Adriana_Err #AntipholusOfEphesus_Err #Courtesan_Err #DromioOfEphesus_Err #Luciana_Err #OFFICERS.X_Err #Pinch_Err,#AntipholusOfEphesus_Err,1,8
4,4,39,50,430,#Adriana_Err #AntipholusOfEphesus_Err #Courtesan_Err #DromioOfEphesus_Err #Luciana_Err #OFFICERS.X_Err #Pinch_Err,#Adriana_Err,2,17
4,4,39,50,431,#Adriana_Err #AntipholusOfEphesus_Err #Courtesan_Err #DromioOfEphesus_Err #Luciana_Err #OFFICERS.X_Err #Pinch_Err,#DromioOfEphesus_Err,2,16
4,4,39,50,432,#Adriana_Err #AntipholusOfEphesus_Err #Courtesan_Err #DromioOfEphesus_Err #Luciana_Err #OFFICERS.X_Err #Pinch_Err,#AntipholusOfEphesus_Err,1,10
4,4,39,50,433,#Adriana_Err #AntipholusOfEphesus_Err #Courtesan_Err #DromioOfEphesus_Err #Luciana_Err #OFFICERS.X_Err #Pinch_Err,#Adriana_Err,1,8
4,4,39,50,434,#Adriana_Err #AntipholusOfEphesus_Err #Courtesan_Err #DromioOfEphesus_Err #Luciana_Err #OFFICERS.X_Err #Pinch_Err,#Luciana_Err,1,9
4,4,39,50,435,#Adriana_Err #AntipholusOfEphesus_Err #Courtesan_Err #DromioOfEphesus_Err #Luciana_Err #OFFICERS.X_Err #Pinch_Err,#DromioOfEphesus_Err,2,16
4,4,39,50,436,#Adriana_Err #AntipholusOfEphesus_Err #Courtesan_Err #DromioOfEphesus_Err #Luciana_Err #OFFICERS.X_Err #Pinch_Err,#Pinch_Err,3,26
4,4,39,50,437,#Adriana_Err #AntipholusOfEphesus_Err #Courtesan_Err #DromioOfEphesus_Err #Luciana_Err #OFFICERS.X_Err #Pinch_Err,#AntipholusOfEphesus_Err,3,17
4,4,39,50,438,#Adriana_Err #AntipholusOfEphesus_Err #Courtesan_Err #DromioOfEphesus_Err #Luciana_Err #OFFICERS.X_Err #Pinch_Err,#Adriana_Err,1,8
4,4,39,50,439,#Adriana_Err #AntipholusOfEphesus_Err #Courtesan_Err #DromioOfEphesus_Err #Luciana_Err #OFFICERS.X_Err #Pinch_Err,#DromioOfEphesus_Err,2,16
4,4,39,50,440,#Adriana_Err #AntipholusOfEphesus_Err #Courtesan_Err #DromioOfEphesus_Err #Luciana_Err #OFFICERS.X_Err #Pinch_Err,#Adriana_Err,1,7
4,4,39,50,441,#Adriana_Err #AntipholusOfEphesus_Err #Courtesan_Err #DromioOfEphesus_Err #Luciana_Err #OFFICERS.X_Err #Pinch_Err,#AntipholusOfEphesus_Err,5,40
4,4,39,50,442,#Adriana_Err #AntipholusOfEphesus_Err #Courtesan_Err #DromioOfEphesus_Err #Luciana_Err #OFFICERS.X_Err #Pinch_Err,#Adriana_Err,1,11
4,4,40,51,443,#Adriana_Err #AntipholusOfEphesus_Err #Courtesan_Err #DromioOfEphesus_Err #Luciana_Err #OFFICERS.X_Err #Pinch_Err #SERVANTS.PINCH_Err,#Pinch_Err,1,8
4,4,40,51,444,#Adriana_Err #AntipholusOfEphesus_Err #Courtesan_Err #DromioOfEphesus_Err #Luciana_Err #OFFICERS.X_Err #Pinch_Err #SERVANTS.PINCH_Err,#Luciana_Err,1,10
4,4,40,51,445,#Adriana_Err #AntipholusOfEphesus_Err #Courtesan_Err #DromioOfEphesus_Err #Luciana_Err #OFFICERS.X_Err #Pinch_Err #SERVANTS.PINCH_Err,#AntipholusOfEphesus_Err,3,20
4,4,40,51,446,#Adriana_Err #AntipholusOfEphesus_Err #Courtesan_Err #DromioOfEphesus_Err #Luciana_Err #OFFICERS.X_Err #Pinch_Err #SERVANTS.PINCH_Err,#OFFICERS.X_Err,2,14
4,4,40,51,447,#Adriana_Err #AntipholusOfEphesus_Err #Courtesan_Err #DromioOfEphesus_Err #Luciana_Err #OFFICERS.X_Err #Pinch_Err #SERVANTS.PINCH_Err,#Pinch_Err,1,9
4,4,40,51,448,#Adriana_Err #AntipholusOfEphesus_Err #Courtesan_Err #DromioOfEphesus_Err #Luciana_Err #OFFICERS.X_Err #Pinch_Err #SERVANTS.PINCH_Err,#Adriana_Err,3,21
4,4,40,51,449,#Adriana_Err #AntipholusOfEphesus_Err #Courtesan_Err #DromioOfEphesus_Err #Luciana_Err #OFFICERS.X_Err #Pinch_Err #SERVANTS.PINCH_Err,#OFFICERS.X_Err,2,18
4,4,40,51,450,#Adriana_Err #AntipholusOfEphesus_Err #Courtesan_Err #DromioOfEphesus_Err #Luciana_Err #OFFICERS.X_Err #Pinch_Err #SERVANTS.PINCH_Err,#Adriana_Err,5,40
4,4,40,51,451,#Adriana_Err #AntipholusOfEphesus_Err #Courtesan_Err #DromioOfEphesus_Err #Luciana_Err #OFFICERS.X_Err #Pinch_Err #SERVANTS.PINCH_Err,#AntipholusOfEphesus_Err,1,4
4,4,40,51,452,#Adriana_Err #AntipholusOfEphesus_Err #Courtesan_Err #DromioOfEphesus_Err #Luciana_Err #OFFICERS.X_Err #Pinch_Err #SERVANTS.PINCH_Err,#DromioOfEphesus_Err,1,9
4,4,40,51,453,#Adriana_Err #AntipholusOfEphesus_Err #Courtesan_Err #DromioOfEphesus_Err #Luciana_Err #OFFICERS.X_Err #Pinch_Err #SERVANTS.PINCH_Err,#AntipholusOfEphesus_Err,1,9
4,4,40,51,454,#Adriana_Err #AntipholusOfEphesus_Err #Courtesan_Err #DromioOfEphesus_Err #Luciana_Err #OFFICERS.X_Err #Pinch_Err #SERVANTS.PINCH_Err,#DromioOfEphesus_Err,3,13
4,4,40,51,455,#Adriana_Err #AntipholusOfEphesus_Err #Courtesan_Err #DromioOfEphesus_Err #Luciana_Err #OFFICERS.X_Err #Pinch_Err #SERVANTS.PINCH_Err,#Luciana_Err,1,9
4,4,40,51,456,#Adriana_Err #AntipholusOfEphesus_Err #Courtesan_Err #DromioOfEphesus_Err #Luciana_Err #OFFICERS.X_Err #Pinch_Err #SERVANTS.PINCH_Err,#Adriana_Err,1,4
4,4,41,52,457,#Adriana_Err #Courtesan_Err #Luciana_Err #OFFICERS.X_Err,#Adriana_Err,2,13
4,4,41,52,458,#Adriana_Err #Courtesan_Err #Luciana_Err #OFFICERS.X_Err,#OFFICERS.X_Err,1,8
4,4,41,52,459,#Adriana_Err #Courtesan_Err #Luciana_Err #OFFICERS.X_Err,#Adriana_Err,1,10
4,4,41,52,460,#Adriana_Err #Courtesan_Err #Luciana_Err #OFFICERS.X_Err,#OFFICERS.X_Err,1,3
4,4,41,52,461,#Adriana_Err #Courtesan_Err #Luciana_Err #OFFICERS.X_Err,#Adriana_Err,1,5
4,4,41,52,462,#Adriana_Err #Courtesan_Err #Luciana_Err #OFFICERS.X_Err,#OFFICERS.X_Err,1,9
4,4,41,52,463,#Adriana_Err #Courtesan_Err #Luciana_Err #OFFICERS.X_Err,#Adriana_Err,1,11
4,4,41,52,464,#Adriana_Err #Courtesan_Err #Luciana_Err #OFFICERS.X_Err,#Courtesan_Err,4,33
4,4,41,52,465,#Adriana_Err #Courtesan_Err #Luciana_Err #OFFICERS.X_Err,#Adriana_Err,3,27
4,4,42,53,466,#Adriana_Err #AntipholusOfSyracuse_Err #Courtesan_Err #DromioOfSyracuse_Err #Luciana_Err #OFFICERS.X_Err,#Luciana_Err,1,8
4,4,42,53,467,#Adriana_Err #AntipholusOfSyracuse_Err #Courtesan_Err #DromioOfSyracuse_Err #Luciana_Err #OFFICERS.X_Err,#Adriana_Err,2,14
4,4,42,53,468,#Adriana_Err #AntipholusOfSyracuse_Err #Courtesan_Err #DromioOfSyracuse_Err #Luciana_Err #OFFICERS.X_Err,#OFFICERS.X_Err,1,4
4,4,43,54,469,#AntipholusOfSyracuse_Err #DromioOfSyracuse_Err,#AntipholusOfSyracuse_Err,1,8
4,4,43,54,470,#AntipholusOfSyracuse_Err #DromioOfSyracuse_Err,#DromioOfSyracuse_Err,1,10
4,4,43,54,471,#AntipholusOfSyracuse_Err #DromioOfSyracuse_Err,#AntipholusOfSyracuse_Err,2,18
4,4,43,54,472,#AntipholusOfSyracuse_Err #DromioOfSyracuse_Err,#DromioOfSyracuse_Err,6,54
4,4,43,54,473,#AntipholusOfSyracuse_Err #DromioOfSyracuse_Err,#AntipholusOfSyracuse_Err,2,16
5,1,44,56,474,#Angelo_Err #Merchant2_Err,#Angelo_Err,3,25
5,1,44,56,475,#Angelo_Err #Merchant2_Err,#Merchant2_Err,1,9
5,1,44,56,476,#Angelo_Err #Merchant2_Err,#Angelo_Err,4,28
5,1,44,56,477,#Angelo_Err #Merchant2_Err,#Merchant2_Err,1,8
5,1,45,57,478,#Angelo_Err #AntipholusOfSyracuse_Err #DromioOfSyracuse_Err #Merchant2_Err,#Angelo_Err,13,103
5,1,45,57,479,#Angelo_Err #AntipholusOfSyracuse_Err #DromioOfSyracuse_Err #Merchant2_Err,#AntipholusOfSyracuse_Err,1,9
5,1,45,57,480,#Angelo_Err #AntipholusOfSyracuse_Err #DromioOfSyracuse_Err #Merchant2_Err,#Merchant2_Err,1,9
5,1,45,57,481,#Angelo_Err #AntipholusOfSyracuse_Err #DromioOfSyracuse_Err #Merchant2_Err,#AntipholusOfSyracuse_Err,1,9
5,1,45,57,482,#Angelo_Err #AntipholusOfSyracuse_Err #DromioOfSyracuse_Err #Merchant2_Err,#Merchant2_Err,3,25
5,1,45,57,483,#Angelo_Err #AntipholusOfSyracuse_Err #DromioOfSyracuse_Err #Merchant2_Err,#AntipholusOfSyracuse_Err,3,22
5,1,45,57,484,#Angelo_Err #AntipholusOfSyracuse_Err #DromioOfSyracuse_Err #Merchant2_Err,#Merchant2_Err,1,9
5,1,46,58,485,#Adriana_Err #Angelo_Err #AntipholusOfSyracuse_Err #Courtesan_Err #DromioOfSyracuse_Err #Luciana_Err #Merchant2_Err #OTHERS_Err,#Adriana_Err,3,27
5,1,46,58,486,#Adriana_Err #Angelo_Err #AntipholusOfSyracuse_Err #Courtesan_Err #DromioOfSyracuse_Err #Luciana_Err #Merchant2_Err #OTHERS_Err,#DromioOfSyracuse_Err,2,18
5,1,47,60,487,#Abbess_Err #Adriana_Err #Angelo_Err #Courtesan_Err #Luciana_Err #Merchant2_Err #OTHERS_Err,#Abbess_Err,1,7
5,1,47,60,488,#Abbess_Err #Adriana_Err #Angelo_Err #Courtesan_Err #Luciana_Err #Merchant2_Err #OTHERS_Err,#Adriana_Err,3,24
5,1,47,60,489,#Abbess_Err #Adriana_Err #Angelo_Err #Courtesan_Err #Luciana_Err #Merchant2_Err #OTHERS_Err,#Angelo_Err,1,9
5,1,47,60,490,#Abbess_Err #Adriana_Err #Angelo_Err #Courtesan_Err #Luciana_Err #Merchant2_Err #OTHERS_Err,#Merchant2_Err,1,10
5,1,47,60,491,#Abbess_Err #Adriana_Err #Angelo_Err #Courtesan_Err #Luciana_Err #Merchant2_Err #OTHERS_Err,#Abbess_Err,1,8
5,1,47,60,492,#Abbess_Err #Adriana_Err #Angelo_Err #Courtesan_Err #Luciana_Err #Merchant2_Err #OTHERS_Err,#Adriana_Err,4,28
5,1,47,60,493,#Abbess_Err #Adriana_Err #Angelo_Err #Courtesan_Err #Luciana_Err #Merchant2_Err #OTHERS_Err,#Abbess_Err,6,48
5,1,47,60,494,#Abbess_Err #Adriana_Err #Angelo_Err #Courtesan_Err #Luciana_Err #Merchant2_Err #OTHERS_Err,#Adriana_Err,2,18
5,1,47,60,495,#Abbess_Err #Adriana_Err #Angelo_Err #Courtesan_Err #Luciana_Err #Merchant2_Err #OTHERS_Err,#Abbess_Err,1,7
5,1,47,60,496,#Abbess_Err #Adriana_Err #Angelo_Err #Courtesan_Err #Luciana_Err #Merchant2_Err #OTHERS_Err,#Adriana_Err,1,4
5,1,47,60,497,#Abbess_Err #Adriana_Err #Angelo_Err #Courtesan_Err #Luciana_Err #Merchant2_Err #OTHERS_Err,#Abbess_Err,1,5
5,1,47,60,498,#Abbess_Err #Adriana_Err #Angelo_Err #Courtesan_Err #Luciana_Err #Merchant2_Err #OTHERS_Err,#Adriana_Err,1,8
5,1,47,60,499,#Abbess_Err #Adriana_Err #Angelo_Err #Courtesan_Err #Luciana_Err #Merchant2_Err #OTHERS_Err,#Abbess_Err,1,3
5,1,47,60,500,#Abbess_Err #Adriana_Err #Angelo_Err #Courtesan_Err #Luciana_Err #Merchant2_Err #OTHERS_Err,#Adriana_Err,1,4
5,1,47,60,501,#Abbess_Err #Adriana_Err #Angelo_Err #Courtesan_Err #Luciana_Err #Merchant2_Err #OTHERS_Err,#Abbess_Err,1,4
5,1,47,60,502,#Abbess_Err #Adriana_Err #Angelo_Err #Courtesan_Err #Luciana_Err #Merchant2_Err #OTHERS_Err,#Adriana_Err,6,49
5,1,47,60,503,#Abbess_Err #Adriana_Err #Angelo_Err #Courtesan_Err #Luciana_Err #Merchant2_Err #OTHERS_Err,#Abbess_Err,20,145
5,1,47,60,504,#Abbess_Err #Adriana_Err #Angelo_Err #Courtesan_Err #Luciana_Err #Merchant2_Err #OTHERS_Err,#Luciana_Err,4,22
5,1,47,60,505,#Abbess_Err #Adriana_Err #Angelo_Err #Courtesan_Err #Luciana_Err #Merchant2_Err #OTHERS_Err,#Adriana_Err,2,16
5,1,47,60,506,#Abbess_Err #Adriana_Err #Angelo_Err #Courtesan_Err #Luciana_Err #Merchant2_Err #OTHERS_Err,#Abbess_Err,1,8
5,1,47,60,507,#Abbess_Err #Adriana_Err #Angelo_Err #Courtesan_Err #Luciana_Err #Merchant2_Err #OTHERS_Err,#Adriana_Err,1,8
5,1,47,60,508,#Abbess_Err #Adriana_Err #Angelo_Err #Courtesan_Err #Luciana_Err #Merchant2_Err #OTHERS_Err,#Abbess_Err,4,31
5,1,47,60,509,#Abbess_Err #Adriana_Err #Angelo_Err #Courtesan_Err #Luciana_Err #Merchant2_Err #OTHERS_Err,#Adriana_Err,4,32
5,1,47,60,510,#Abbess_Err #Adriana_Err #Angelo_Err #Courtesan_Err #Luciana_Err #Merchant2_Err #OTHERS_Err,#Abbess_Err,7,56
5,1,47,60,511,#Abbess_Err #Adriana_Err #Angelo_Err #Courtesan_Err #Luciana_Err #Merchant2_Err #OTHERS_Err,#Adriana_Err,3,23
5,1,47,60,512,#Abbess_Err #Adriana_Err #Angelo_Err #Courtesan_Err #Luciana_Err #Merchant2_Err #OTHERS_Err,#Abbess_Err,1,9
5,1,48,61,513,#Adriana_Err #Angelo_Err #Courtesan_Err #Luciana_Err #Merchant2_Err #OTHERS_Err,#Luciana_Err,1,7
5,1,48,61,514,#Adriana_Err #Angelo_Err #Courtesan_Err #Luciana_Err #Merchant2_Err #OTHERS_Err,#Adriana_Err,4,34
5,1,48,61,515,#Adriana_Err #Angelo_Err #Courtesan_Err #Luciana_Err #Merchant2_Err #OTHERS_Err,#Merchant2_Err,5,38
5,1,48,61,516,#Adriana_Err #Angelo_Err #Courtesan_Err #Luciana_Err #Merchant2_Err #OTHERS_Err,#Angelo_Err,1,3
5,1,48,61,517,#Adriana_Err #Angelo_Err #Courtesan_Err #Luciana_Err #Merchant2_Err #OTHERS_Err,#Merchant2_Err,4,25
5,1,48,61,518,#Adriana_Err #Angelo_Err #Courtesan_Err #Luciana_Err #Merchant2_Err #OTHERS_Err,#Angelo_Err,1,9
5,1,48,61,519,#Adriana_Err #Angelo_Err #Courtesan_Err #Luciana_Err #Merchant2_Err #OTHERS_Err,#Luciana_Err,1,9
5,1,49,62,520,#Adriana_Err #Angelo_Err #Courtesan_Err #Duke_Err #Egeon_Err #Headsman_Err #Luciana_Err #Merchant2_Err #OFFICERS_Err #OTHERS_Err,#Duke_Err,3,24
5,1,49,62,521,#Adriana_Err #Angelo_Err #Courtesan_Err #Duke_Err #Egeon_Err #Headsman_Err #Luciana_Err #Merchant2_Err #OFFICERS_Err #OTHERS_Err,#Adriana_Err,1,7
5,1,49,62,522,#Adriana_Err #Angelo_Err #Courtesan_Err #Duke_Err #Egeon_Err #Headsman_Err #Luciana_Err #Merchant2_Err #OFFICERS_Err #OTHERS_Err,#Duke_Err,2,17
5,1,49,62,523,#Adriana_Err #Angelo_Err #Courtesan_Err #Duke_Err #Egeon_Err #Headsman_Err #Luciana_Err #Merchant2_Err #OFFICERS_Err #OTHERS_Err,#Adriana_Err,25,205
5,1,49,62,524,#Adriana_Err #Angelo_Err #Courtesan_Err #Duke_Err #Egeon_Err #Headsman_Err #Luciana_Err #Merchant2_Err #OFFICERS_Err #OTHERS_Err,#Duke_Err,7,60
5,1,50,63,525,#Adriana_Err #Angelo_Err #Courtesan_Err #Duke_Err #Egeon_Err #Headsman_Err #Luciana_Err #Merchant2_Err #Messenger_Err #OFFICERS_Err #OTHERS_Err,#Messenger_Err,11,85
5,1,50,63,526,#Adriana_Err #Angelo_Err #Courtesan_Err #Duke_Err #Egeon_Err #Headsman_Err #Luciana_Err #Merchant2_Err #Messenger_Err #OFFICERS_Err #OTHERS_Err,#Adriana_Err,2,18
5,1,50,63,527,#Adriana_Err #Angelo_Err #Courtesan_Err #Duke_Err #Egeon_Err #Headsman_Err #Luciana_Err #Merchant2_Err #Messenger_Err #OFFICERS_Err #OTHERS_Err,#Messenger_Err,5,45
5,1,50,63,528,#Adriana_Err #Angelo_Err #Courtesan_Err #Duke_Err #Egeon_Err #Headsman_Err #Luciana_Err #Merchant2_Err #Messenger_Err #OFFICERS_Err #OTHERS_Err,#Duke_Err,2,9
5,1,51,64,529,#Adriana_Err #Angelo_Err #AntipholusOfEphesus_Err #Courtesan_Err #DromioOfEphesus_Err #Duke_Err #Egeon_Err #Headsman_Err #Luciana_Err #Merchant2_Err #Messenger_Err #OFFICERS_Err #OTHERS_Err,#Adriana_Err,4,32
5,1,51,64,530,#Adriana_Err #Angelo_Err #AntipholusOfEphesus_Err #Courtesan_Err #DromioOfEphesus_Err #Duke_Err #Egeon_Err #Headsman_Err #Luciana_Err #Merchant2_Err #Messenger_Err #OFFICERS_Err #OTHERS_Err,#AntipholusOfEphesus_Err,5,47
5,1,51,64,531,#Adriana_Err #Angelo_Err #AntipholusOfEphesus_Err #Courtesan_Err #DromioOfEphesus_Err #Duke_Err #Egeon_Err #Headsman_Err #Luciana_Err #Merchant2_Err #Messenger_Err #OFFICERS_Err #OTHERS_Err,#Egeon_Err,2,16
5,1,51,64,532,#Adriana_Err #Angelo_Err #AntipholusOfEphesus_Err #Courtesan_Err #DromioOfEphesus_Err #Duke_Err #Egeon_Err #Headsman_Err #Luciana_Err #Merchant2_Err #Messenger_Err #OFFICERS_Err #OTHERS_Err,#AntipholusOfEphesus_Err,6,45
5,1,51,64,533,#Adriana_Err #Angelo_Err #AntipholusOfEphesus_Err #Courtesan_Err #DromioOfEphesus_Err #Duke_Err #Egeon_Err #Headsman_Err #Luciana_Err #Merchant2_Err #Messenger_Err #OFFICERS_Err #OTHERS_Err,#Duke_Err,1,8
5,1,51,64,534,#Adriana_Err #Angelo_Err #AntipholusOfEphesus_Err #Courtesan_Err #DromioOfEphesus_Err #Duke_Err #Egeon_Err #Headsman_Err #Luciana_Err #Merchant2_Err #Messenger_Err #OFFICERS_Err #OTHERS_Err,#AntipholusOfEphesus_Err,2,18
5,1,51,64,535,#Adriana_Err #Angelo_Err #AntipholusOfEphesus_Err #Courtesan_Err #DromioOfEphesus_Err #Duke_Err #Egeon_Err #Headsman_Err #Luciana_Err #Merchant2_Err #Messenger_Err #OFFICERS_Err #OTHERS_Err,#Duke_Err,1,8
5,1,51,64,536,#Adriana_Err #Angelo_Err #AntipholusOfEphesus_Err #Courtesan_Err #DromioOfEphesus_Err #Duke_Err #Egeon_Err #Headsman_Err #Luciana_Err #Merchant2_Err #Messenger_Err #OFFICERS_Err #OTHERS_Err,#Adriana_Err,3,25
5,1,51,64,537,#Adriana_Err #Angelo_Err #AntipholusOfEphesus_Err #Courtesan_Err #DromioOfEphesus_Err #Duke_Err #Egeon_Err #Headsman_Err #Luciana_Err #Merchant2_Err #Messenger_Err #OFFICERS_Err #OTHERS_Err,#Luciana_Err,2,18
5,1,51,64,538,#Adriana_Err #Angelo_Err #AntipholusOfEphesus_Err #Courtesan_Err #DromioOfEphesus_Err #Duke_Err #Egeon_Err #Headsman_Err #Luciana_Err #Merchant2_Err #Messenger_Err #OFFICERS_Err #OTHERS_Err,#Angelo_Err,2,14
5,1,51,64,539,#Adriana_Err #Angelo_Err #AntipholusOfEphesus_Err #Courtesan_Err #DromioOfEphesus_Err #Duke_Err #Egeon_Err #Headsman_Err #Luciana_Err #Merchant2_Err #Messenger_Err #OFFICERS_Err #OTHERS_Err,#AntipholusOfEphesus_Err,42,311
5,1,51,64,540,#Adriana_Err #Angelo_Err #AntipholusOfEphesus_Err #Courtesan_Err #DromioOfEphesus_Err #Duke_Err #Egeon_Err #Headsman_Err #Luciana_Err #Merchant2_Err #Messenger_Err #OFFICERS_Err #OTHERS_Err,#Angelo_Err,2,20
5,1,51,64,541,#Adriana_Err #Angelo_Err #AntipholusOfEphesus_Err #Courtesan_Err #DromioOfEphesus_Err #Duke_Err #Egeon_Err #Headsman_Err #Luciana_Err #Merchant2_Err #Messenger_Err #OFFICERS_Err #OTHERS_Err,#Duke_Err,1,10
5,1,51,64,542,#Adriana_Err #Angelo_Err #AntipholusOfEphesus_Err #Courtesan_Err #DromioOfEphesus_Err #Duke_Err #Egeon_Err #Headsman_Err #Luciana_Err #Merchant2_Err #Messenger_Err #OFFICERS_Err #OTHERS_Err,#Angelo_Err,2,18
5,1,51,64,543,#Adriana_Err #Angelo_Err #AntipholusOfEphesus_Err #Courtesan_Err #DromioOfEphesus_Err #Duke_Err #Egeon_Err #Headsman_Err #Luciana_Err #Merchant2_Err #Messenger_Err #OFFICERS_Err #OTHERS_Err,#Merchant2_Err,6,51
5,1,51,64,544,#Adriana_Err #Angelo_Err #AntipholusOfEphesus_Err #Courtesan_Err #DromioOfEphesus_Err #Duke_Err #Egeon_Err #Headsman_Err #Luciana_Err #Merchant2_Err #Messenger_Err #OFFICERS_Err #OTHERS_Err,#AntipholusOfEphesus_Err,4,33
5,1,51,64,545,#Adriana_Err #Angelo_Err #AntipholusOfEphesus_Err #Courtesan_Err #DromioOfEphesus_Err #Duke_Err #Egeon_Err #Headsman_Err #Luciana_Err #Merchant2_Err #Messenger_Err #OFFICERS_Err #OTHERS_Err,#Duke_Err,8,52
5,1,51,64,546,#Adriana_Err #Angelo_Err #AntipholusOfEphesus_Err #Courtesan_Err #DromioOfEphesus_Err #Duke_Err #Egeon_Err #Headsman_Err #Luciana_Err #Merchant2_Err #Messenger_Err #OFFICERS_Err #OTHERS_Err,#DromioOfEphesus_Err,1,9
5,1,51,64,547,#Adriana_Err #Angelo_Err #AntipholusOfEphesus_Err #Courtesan_Err #DromioOfEphesus_Err #Duke_Err #Egeon_Err #Headsman_Err #Luciana_Err #Merchant2_Err #Messenger_Err #OFFICERS_Err #OTHERS_Err,#Courtesan_Err,1,9
5,1,51,64,548,#Adriana_Err #Angelo_Err #AntipholusOfEphesus_Err #Courtesan_Err #DromioOfEphesus_Err #Duke_Err #Egeon_Err #Headsman_Err #Luciana_Err #Merchant2_Err #Messenger_Err #OFFICERS_Err #OTHERS_Err,#AntipholusOfEphesus_Err,1,10
5,1,51,64,549,#Adriana_Err #Angelo_Err #AntipholusOfEphesus_Err #Courtesan_Err #DromioOfEphesus_Err #Duke_Err #Egeon_Err #Headsman_Err #Luciana_Err #Merchant2_Err #Messenger_Err #OFFICERS_Err #OTHERS_Err,#Duke_Err,1,8
5,1,51,64,550,#Adriana_Err #Angelo_Err #AntipholusOfEphesus_Err #Courtesan_Err #DromioOfEphesus_Err #Duke_Err #Egeon_Err #Headsman_Err #Luciana_Err #Merchant2_Err #Messenger_Err #OFFICERS_Err #OTHERS_Err,#Courtesan_Err,1,10
5,1,51,64,551,#Adriana_Err #Angelo_Err #AntipholusOfEphesus_Err #Courtesan_Err #DromioOfEphesus_Err #Duke_Err #Egeon_Err #Headsman_Err #Luciana_Err #Merchant2_Err #Messenger_Err #OFFICERS_Err #OTHERS_Err,#Duke_Err,2,18
5,1,51,64,552,#Adriana_Err #Angelo_Err #AntipholusOfEphesus_Err #Courtesan_Err #DromioOfEphesus_Err #Duke_Err #Egeon_Err #Headsman_Err #Luciana_Err #Merchant2_Err #Messenger_Err #OFFICERS_Err #OTHERS_Err,#Egeon_Err,3,25
5,1,51,64,553,#Adriana_Err #Angelo_Err #AntipholusOfEphesus_Err #Courtesan_Err #DromioOfEphesus_Err #Duke_Err #Egeon_Err #Headsman_Err #Luciana_Err #Merchant2_Err #Messenger_Err #OFFICERS_Err #OTHERS_Err,#Duke_Err,1,6
5,1,51,64,554,#Adriana_Err #Angelo_Err #AntipholusOfEphesus_Err #Courtesan_Err #DromioOfEphesus_Err #Duke_Err #Egeon_Err #Headsman_Err #Luciana_Err #Merchant2_Err #Messenger_Err #OFFICERS_Err #OTHERS_Err,#Egeon_Err,2,14
5,1,51,64,555,#Adriana_Err #Angelo_Err #AntipholusOfEphesus_Err #Courtesan_Err #DromioOfEphesus_Err #Duke_Err #Egeon_Err #Headsman_Err #Luciana_Err #Merchant2_Err #Messenger_Err #OFFICERS_Err #OTHERS_Err,#DromioOfEphesus_Err,3,26
5,1,51,64,556,#Adriana_Err #Angelo_Err #AntipholusOfEphesus_Err #Courtesan_Err #DromioOfEphesus_Err #Duke_Err #Egeon_Err #Headsman_Err #Luciana_Err #Merchant2_Err #Messenger_Err #OFFICERS_Err #OTHERS_Err,#Egeon_Err,1,9
5,1,51,64,557,#Adriana_Err #Angelo_Err #AntipholusOfEphesus_Err #Courtesan_Err #DromioOfEphesus_Err #Duke_Err #Egeon_Err #Headsman_Err #Luciana_Err #Merchant2_Err #Messenger_Err #OFFICERS_Err #OTHERS_Err,#DromioOfEphesus_Err,3,24
5,1,51,64,558,#Adriana_Err #Angelo_Err #AntipholusOfEphesus_Err #Courtesan_Err #DromioOfEphesus_Err #Duke_Err #Egeon_Err #Headsman_Err #Luciana_Err #Merchant2_Err #Messenger_Err #OFFICERS_Err #OTHERS_Err,#Egeon_Err,1,10
5,1,51,64,559,#Adriana_Err #Angelo_Err #AntipholusOfEphesus_Err #Courtesan_Err #DromioOfEphesus_Err #Duke_Err #Egeon_Err #Headsman_Err #Luciana_Err #Merchant2_Err #Messenger_Err #OFFICERS_Err #OTHERS_Err,#AntipholusOfEphesus_Err,1,9
5,1,51,64,560,#Adriana_Err #Angelo_Err #AntipholusOfEphesus_Err #Courtesan_Err #DromioOfEphesus_Err #Duke_Err #Egeon_Err #Headsman_Err #Luciana_Err #Merchant2_Err #Messenger_Err #OFFICERS_Err #OTHERS_Err,#Egeon_Err,4,34
5,1,51,64,561,#Adriana_Err #Angelo_Err #AntipholusOfEphesus_Err #Courtesan_Err #DromioOfEphesus_Err #Duke_Err #Egeon_Err #Headsman_Err #Luciana_Err #Merchant2_Err #Messenger_Err #OFFICERS_Err #OTHERS_Err,#AntipholusOfEphesus_Err,1,1
5,1,51,64,562,#Adriana_Err #Angelo_Err #AntipholusOfEphesus_Err #Courtesan_Err #DromioOfEphesus_Err #Duke_Err #Egeon_Err #Headsman_Err #Luciana_Err #Merchant2_Err #Messenger_Err #OFFICERS_Err #OTHERS_Err,#Egeon_Err,1,3
5,1,51,64,563,#Adriana_Err #Angelo_Err #AntipholusOfEphesus_Err #Courtesan_Err #DromioOfEphesus_Err #Duke_Err #Egeon_Err #Headsman_Err #Luciana_Err #Merchant2_Err #Messenger_Err #OFFICERS_Err #OTHERS_Err,#DromioOfEphesus_Err,1,6
5,1,51,64,564,#Adriana_Err #Angelo_Err #AntipholusOfEphesus_Err #Courtesan_Err #DromioOfEphesus_Err #Duke_Err #Egeon_Err #Headsman_Err #Luciana_Err #Merchant2_Err #Messenger_Err #OFFICERS_Err #OTHERS_Err,#Egeon_Err,1,5
5,1,51,64,565,#Adriana_Err #Angelo_Err #AntipholusOfEphesus_Err #Courtesan_Err #DromioOfEphesus_Err #Duke_Err #Egeon_Err #Headsman_Err #Luciana_Err #Merchant2_Err #Messenger_Err #OFFICERS_Err #OTHERS_Err,#DromioOfEphesus_Err,3,21
5,1,51,64,566,#Adriana_Err #Angelo_Err #AntipholusOfEphesus_Err #Courtesan_Err #DromioOfEphesus_Err #Duke_Err #Egeon_Err #Headsman_Err #Luciana_Err #Merchant2_Err #Messenger_Err #OFFICERS_Err #OTHERS_Err,#Egeon_Err,12,94
5,1,51,64,567,#Adriana_Err #Angelo_Err #AntipholusOfEphesus_Err #Courtesan_Err #DromioOfEphesus_Err #Duke_Err #Egeon_Err #Headsman_Err #Luciana_Err #Merchant2_Err #Messenger_Err #OFFICERS_Err #OTHERS_Err,#AntipholusOfEphesus_Err,1,8
5,1,51,64,568,#Adriana_Err #Angelo_Err #AntipholusOfEphesus_Err #Courtesan_Err #DromioOfEphesus_Err #Duke_Err #Egeon_Err #Headsman_Err #Luciana_Err #Merchant2_Err #Messenger_Err #OFFICERS_Err #OTHERS_Err,#Egeon_Err,3,22
5,1,51,64,569,#Adriana_Err #Angelo_Err #AntipholusOfEphesus_Err #Courtesan_Err #DromioOfEphesus_Err #Duke_Err #Egeon_Err #Headsman_Err #Luciana_Err #Merchant2_Err #Messenger_Err #OFFICERS_Err #OTHERS_Err,#AntipholusOfEphesus_Err,3,26
5,1,51,64,570,#Adriana_Err #Angelo_Err #AntipholusOfEphesus_Err #Courtesan_Err #DromioOfEphesus_Err #Duke_Err #Egeon_Err #Headsman_Err #Luciana_Err #Merchant2_Err #Messenger_Err #OFFICERS_Err #OTHERS_Err,#Duke_Err,4,28
5,1,52,65,571,#Abbess_Err #Adriana_Err #Angelo_Err #AntipholusOfEphesus_Err #AntipholusOfSyracuse_Err #Courtesan_Err #DromioOfEphesus_Err #DromioOfSyracuse_Err #Duke_Err #Egeon_Err #Headsman_Err #Luciana_Err #Merchant2_Err #Messenger_Err #OFFICERS_Err #OTHERS_Err,#Abbess_Err,1,8
5,1,52,65,572,#Abbess_Err #Adriana_Err #Angelo_Err #AntipholusOfEphesus_Err #AntipholusOfSyracuse_Err #Courtesan_Err #DromioOfEphesus_Err #DromioOfSyracuse_Err #Duke_Err #Egeon_Err #Headsman_Err #Luciana_Err #Merchant2_Err #Messenger_Err #OFFICERS_Err #OTHERS_Err,#Adriana_Err,1,9
5,1,52,65,573,#Abbess_Err #Adriana_Err #Angelo_Err #AntipholusOfEphesus_Err #AntipholusOfSyracuse_Err #Courtesan_Err #DromioOfEphesus_Err #DromioOfSyracuse_Err #Duke_Err #Egeon_Err #Headsman_Err #Luciana_Err #Merchant2_Err #Messenger_Err #OFFICERS_Err #OTHERS_Err,#Duke_Err,3,25
5,1,52,65,574,#Abbess_Err #Adriana_Err #Angelo_Err #AntipholusOfEphesus_Err #AntipholusOfSyracuse_Err #Courtesan_Err #DromioOfEphesus_Err #DromioOfSyracuse_Err #Duke_Err #Egeon_Err #Headsman_Err #Luciana_Err #Merchant2_Err #Messenger_Err #OFFICERS_Err #OTHERS_Err,#DromioOfSyracuse_Err,1,7
5,1,52,65,575,#Abbess_Err #Adriana_Err #Angelo_Err #AntipholusOfEphesus_Err #AntipholusOfSyracuse_Err #Courtesan_Err #DromioOfEphesus_Err #DromioOfSyracuse_Err #Duke_Err #Egeon_Err #Headsman_Err #Luciana_Err #Merchant2_Err #Messenger_Err #OFFICERS_Err #OTHERS_Err,#DromioOfEphesus_Err,1,8
5,1,52,65,576,#Abbess_Err #Adriana_Err #Angelo_Err #AntipholusOfEphesus_Err #AntipholusOfSyracuse_Err #Courtesan_Err #DromioOfEphesus_Err #DromioOfSyracuse_Err #Duke_Err #Egeon_Err #Headsman_Err #Luciana_Err #Merchant2_Err #Messenger_Err #OFFICERS_Err #OTHERS_Err,#AntipholusOfSyracuse_Err,1,8
5,1,52,65,577,#Abbess_Err #Adriana_Err #Angelo_Err #AntipholusOfEphesus_Err #AntipholusOfSyracuse_Err #Courtesan_Err #DromioOfEphesus_Err #DromioOfSyracuse_Err #Duke_Err #Egeon_Err #Headsman_Err #Luciana_Err #Merchant2_Err #Messenger_Err #OFFICERS_Err #OTHERS_Err,#DromioOfSyracuse_Err,1,9
5,1,52,65,578,#Abbess_Err #Adriana_Err #Angelo_Err #AntipholusOfEphesus_Err #AntipholusOfSyracuse_Err #Courtesan_Err #DromioOfEphesus_Err #DromioOfSyracuse_Err #Duke_Err #Egeon_Err #Headsman_Err #Luciana_Err #Merchant2_Err #Messenger_Err #OFFICERS_Err #OTHERS_Err,#Abbess_Err,7,53
5,1,52,65,579,#Abbess_Err #Adriana_Err #Angelo_Err #AntipholusOfEphesus_Err #AntipholusOfSyracuse_Err #Courtesan_Err #DromioOfEphesus_Err #DromioOfSyracuse_Err #Duke_Err #Egeon_Err #Headsman_Err #Luciana_Err #Merchant2_Err #Messenger_Err #OFFICERS_Err #OTHERS_Err,#Duke_Err,6,41
5,1,52,65,580,#Abbess_Err #Adriana_Err #Angelo_Err #AntipholusOfEphesus_Err #AntipholusOfSyracuse_Err #Courtesan_Err #DromioOfEphesus_Err #DromioOfSyracuse_Err #Duke_Err #Egeon_Err #Headsman_Err #Luciana_Err #Merchant2_Err #Messenger_Err #OFFICERS_Err #OTHERS_Err,#Egeon_Err,3,25
5,1,52,65,581,#Abbess_Err #Adriana_Err #Angelo_Err #AntipholusOfEphesus_Err #AntipholusOfSyracuse_Err #Courtesan_Err #DromioOfEphesus_Err #DromioOfSyracuse_Err #Duke_Err #Egeon_Err #Headsman_Err #Luciana_Err #Merchant2_Err #Messenger_Err #OFFICERS_Err #OTHERS_Err,#Abbess_Err,7,57
5,1,52,65,582,#Abbess_Err #Adriana_Err #Angelo_Err #AntipholusOfEphesus_Err #AntipholusOfSyracuse_Err #Courtesan_Err #DromioOfEphesus_Err #DromioOfSyracuse_Err #Duke_Err #Egeon_Err #Headsman_Err #Luciana_Err #Merchant2_Err #Messenger_Err #OFFICERS_Err #OTHERS_Err,#Duke_Err,1,6
5,1,52,65,583,#Abbess_Err #Adriana_Err #Angelo_Err #AntipholusOfEphesus_Err #AntipholusOfSyracuse_Err #Courtesan_Err #DromioOfEphesus_Err #DromioOfSyracuse_Err #Duke_Err #Egeon_Err #Headsman_Err #Luciana_Err #Merchant2_Err #Messenger_Err #OFFICERS_Err #OTHERS_Err,#AntipholusOfSyracuse_Err,1,8
5,1,52,65,584,#Abbess_Err #Adriana_Err #Angelo_Err #AntipholusOfEphesus_Err #AntipholusOfSyracuse_Err #Courtesan_Err #DromioOfEphesus_Err #DromioOfSyracuse_Err #Duke_Err #Egeon_Err #Headsman_Err #Luciana_Err #Merchant2_Err #Messenger_Err #OFFICERS_Err #OTHERS_Err,#Duke_Err,1,9
5,1,52,65,585,#Abbess_Err #Adriana_Err #Angelo_Err #AntipholusOfEphesus_Err #AntipholusOfSyracuse_Err #Courtesan_Err #DromioOfEphesus_Err #DromioOfSyracuse_Err #Duke_Err #Egeon_Err #Headsman_Err #Luciana_Err #Merchant2_Err #Messenger_Err #OFFICERS_Err #OTHERS_Err,#AntipholusOfEphesus_Err,1,8
5,1,52,65,586,#Abbess_Err #Adriana_Err #Angelo_Err #AntipholusOfEphesus_Err #AntipholusOfSyracuse_Err #Courtesan_Err #DromioOfEphesus_Err #DromioOfSyracuse_Err #Duke_Err #Egeon_Err #Headsman_Err #Luciana_Err #Merchant2_Err #Messenger_Err #OFFICERS_Err #OTHERS_Err,#DromioOfEphesus_Err,1,4
5,1,52,65,587,#Abbess_Err #Adriana_Err #Angelo_Err #AntipholusOfEphesus_Err #AntipholusOfSyracuse_Err #Courtesan_Err #DromioOfEphesus_Err #DromioOfSyracuse_Err #Duke_Err #Egeon_Err #Headsman_Err #Luciana_Err #Merchant2_Err #Messenger_Err #OFFICERS_Err #OTHERS_Err,#AntipholusOfEphesus_Err,2,15
5,1,52,65,588,#Abbess_Err #Adriana_Err #Angelo_Err #AntipholusOfEphesus_Err #AntipholusOfSyracuse_Err #Courtesan_Err #DromioOfEphesus_Err #DromioOfSyracuse_Err #Duke_Err #Egeon_Err #Headsman_Err #Luciana_Err #Merchant2_Err #Messenger_Err #OFFICERS_Err #OTHERS_Err,#Adriana_Err,1,9
5,1,52,65,589,#Abbess_Err #Adriana_Err #Angelo_Err #AntipholusOfEphesus_Err #AntipholusOfSyracuse_Err #Courtesan_Err #DromioOfEphesus_Err #DromioOfSyracuse_Err #Duke_Err #Egeon_Err #Headsman_Err #Luciana_Err #Merchant2_Err #Messenger_Err #OFFICERS_Err #OTHERS_Err,#AntipholusOfSyracuse_Err,1,3
5,1,52,65,590,#Abbess_Err #Adriana_Err #Angelo_Err #AntipholusOfEphesus_Err #AntipholusOfSyracuse_Err #Courtesan_Err #DromioOfEphesus_Err #DromioOfSyracuse_Err #Duke_Err #Egeon_Err #Headsman_Err #Luciana_Err #Merchant2_Err #Messenger_Err #OFFICERS_Err #OTHERS_Err,#Adriana_Err,1,6
5,1,52,65,591,#Abbess_Err #Adriana_Err #Angelo_Err #AntipholusOfEphesus_Err #AntipholusOfSyracuse_Err #Courtesan_Err #DromioOfEphesus_Err #DromioOfSyracuse_Err #Duke_Err #Egeon_Err #Headsman_Err #Luciana_Err #Merchant2_Err #Messenger_Err #OFFICERS_Err #OTHERS_Err,#AntipholusOfEphesus_Err,1,6
5,1,52,65,592,#Abbess_Err #Adriana_Err #Angelo_Err #AntipholusOfEphesus_Err #AntipholusOfSyracuse_Err #Courtesan_Err #DromioOfEphesus_Err #DromioOfSyracuse_Err #Duke_Err #Egeon_Err #Headsman_Err #Luciana_Err #Merchant2_Err #Messenger_Err #OFFICERS_Err #OTHERS_Err,#AntipholusOfSyracuse_Err,6,45
5,1,52,65,593,#Abbess_Err #Adriana_Err #Angelo_Err #AntipholusOfEphesus_Err #AntipholusOfSyracuse_Err #Courtesan_Err #DromioOfEphesus_Err #DromioOfSyracuse_Err #Duke_Err #Egeon_Err #Headsman_Err #Luciana_Err #Merchant2_Err #Messenger_Err #OFFICERS_Err #OTHERS_Err,#Angelo_Err,1,10
5,1,52,65,594,#Abbess_Err #Adriana_Err #Angelo_Err #AntipholusOfEphesus_Err #AntipholusOfSyracuse_Err #Courtesan_Err #DromioOfEphesus_Err #DromioOfSyracuse_Err #Duke_Err #Egeon_Err #Headsman_Err #Luciana_Err #Merchant2_Err #Messenger_Err #OFFICERS_Err #OTHERS_Err,#AntipholusOfSyracuse_Err,1,9
5,1,52,65,595,#Abbess_Err #Adriana_Err #Angelo_Err #AntipholusOfEphesus_Err #AntipholusOfSyracuse_Err #Courtesan_Err #DromioOfEphesus_Err #DromioOfSyracuse_Err #Duke_Err #Egeon_Err #Headsman_Err #Luciana_Err #Merchant2_Err #Messenger_Err #OFFICERS_Err #OTHERS_Err,#AntipholusOfEphesus_Err,1,8
5,1,52,65,596,#Abbess_Err #Adriana_Err #Angelo_Err #AntipholusOfEphesus_Err #AntipholusOfSyracuse_Err #Courtesan_Err #DromioOfEphesus_Err #DromioOfSyracuse_Err #Duke_Err #Egeon_Err #Headsman_Err #Luciana_Err #Merchant2_Err #Messenger_Err #OFFICERS_Err #OTHERS_Err,#Angelo_Err,1,9
5,1,52,65,597,#Abbess_Err #Adriana_Err #Angelo_Err #AntipholusOfEphesus_Err #AntipholusOfSyracuse_Err #Courtesan_Err #DromioOfEphesus_Err #DromioOfSyracuse_Err #Duke_Err #Egeon_Err #Headsman_Err #Luciana_Err #Merchant2_Err #Messenger_Err #OFFICERS_Err #OTHERS_Err,#Adriana_Err,2,18
5,1,52,65,598,#Abbess_Err #Adriana_Err #Angelo_Err #AntipholusOfEphesus_Err #AntipholusOfSyracuse_Err #Courtesan_Err #DromioOfEphesus_Err #DromioOfSyracuse_Err #Duke_Err #Egeon_Err #Headsman_Err #Luciana_Err #Merchant2_Err #Messenger_Err #OFFICERS_Err #OTHERS_Err,#DromioOfEphesus_Err,1,4
5,1,52,65,599,#Abbess_Err #Adriana_Err #Angelo_Err #AntipholusOfEphesus_Err #AntipholusOfSyracuse_Err #Courtesan_Err #DromioOfEphesus_Err #DromioOfSyracuse_Err #Duke_Err #Egeon_Err #Headsman_Err #Luciana_Err #Merchant2_Err #Messenger_Err #OFFICERS_Err #OTHERS_Err,#AntipholusOfSyracuse_Err,5,41
5,1,52,65,600,#Abbess_Err #Adriana_Err #Angelo_Err #AntipholusOfEphesus_Err #AntipholusOfSyracuse_Err #Courtesan_Err #DromioOfEphesus_Err #DromioOfSyracuse_Err #Duke_Err #Egeon_Err #Headsman_Err #Luciana_Err #Merchant2_Err #Messenger_Err #OFFICERS_Err #OTHERS_Err,#AntipholusOfEphesus_Err,1,8
5,1,52,65,601,#Abbess_Err #Adriana_Err #Angelo_Err #AntipholusOfEphesus_Err #AntipholusOfSyracuse_Err #Courtesan_Err #DromioOfEphesus_Err #DromioOfSyracuse_Err #Duke_Err #Egeon_Err #Headsman_Err #Luciana_Err #Merchant2_Err #Messenger_Err #OFFICERS_Err #OTHERS_Err,#Duke_Err,1,9
5,1,52,65,602,#Abbess_Err #Adriana_Err #Angelo_Err #AntipholusOfEphesus_Err #AntipholusOfSyracuse_Err #Courtesan_Err #DromioOfEphesus_Err #DromioOfSyracuse_Err #Duke_Err #Egeon_Err #Headsman_Err #Luciana_Err #Merchant2_Err #Messenger_Err #OFFICERS_Err #OTHERS_Err,#Courtesan_Err,1,8
5,1,52,65,603,#Abbess_Err #Adriana_Err #Angelo_Err #AntipholusOfEphesus_Err #AntipholusOfSyracuse_Err #Courtesan_Err #DromioOfEphesus_Err #DromioOfSyracuse_Err #Duke_Err #Egeon_Err #Headsman_Err #Luciana_Err #Merchant2_Err #Messenger_Err #OFFICERS_Err #OTHERS_Err,#AntipholusOfEphesus_Err,1,10
5,1,52,65,604,#Abbess_Err #Adriana_Err #Angelo_Err #AntipholusOfEphesus_Err #AntipholusOfSyracuse_Err #Courtesan_Err #DromioOfEphesus_Err #DromioOfSyracuse_Err #Duke_Err #Egeon_Err #Headsman_Err #Luciana_Err #Merchant2_Err #Messenger_Err #OFFICERS_Err #OTHERS_Err,#Abbess_Err,14,103
5,1,52,65,605,#Abbess_Err #Adriana_Err #Angelo_Err #AntipholusOfEphesus_Err #AntipholusOfSyracuse_Err #Courtesan_Err #DromioOfEphesus_Err #DromioOfSyracuse_Err #Duke_Err #Egeon_Err #Headsman_Err #Luciana_Err #Merchant2_Err #Messenger_Err #OFFICERS_Err #OTHERS_Err,#Duke_Err,1,9
5,1,53,66,606,#AntipholusOfEphesus_Err #AntipholusOfSyracuse_Err #DromioOfEphesus_Err #DromioOfSyracuse_Err,#DromioOfSyracuse_Err,1,8
5,1,53,66,607,#AntipholusOfEphesus_Err #AntipholusOfSyracuse_Err #DromioOfEphesus_Err #DromioOfSyracuse_Err,#AntipholusOfEphesus_Err,1,8
5,1,53,66,608,#AntipholusOfEphesus_Err #AntipholusOfSyracuse_Err #DromioOfEphesus_Err #DromioOfSyracuse_Err,#DromioOfSyracuse_Err,1,10
5,1,53,66,609,#AntipholusOfEphesus_Err #AntipholusOfSyracuse_Err #DromioOfEphesus_Err #DromioOfSyracuse_Err,#AntipholusOfSyracuse_Err,3,25
5,1,54,67,610,#DromioOfEphesus_Err #DromioOfSyracuse_Err,#DromioOfSyracuse_Err,3,26
5,1,54,67,611,#DromioOfEphesus_Err #DromioOfSyracuse_Err,#DromioOfEphesus_Err,3,26
5,1,54,67,612,#DromioOfEphesus_Err #DromioOfSyracuse_Err,#DromioOfSyracuse_Err,1,7
5,1,54,67,613,#DromioOfEphesus_Err #DromioOfSyracuse_Err,#DromioOfEphesus_Err,2,8
5,1,54,67,614,#DromioOfEphesus_Err #DromioOfSyracuse_Err,#DromioOfSyracuse_Err,2,11
5,1,54,67,615,#DromioOfEphesus_Err #DromioOfSyracuse_Err,#DromioOfEphesus_Err,4,23
