node1,node2,key,act,scene,stagegroup,n_tokens,n_lines,edge_index
#Demetrius_Ant,#Philo_Ant,0,1,1,1,76,10,1
#Alexas_Ant,#Antony_JC,0,1,1,2,65,9,2
#Alexas_Ant,#Charmian_Ant,0,1,1,2,65,9,2
#Alexas_Ant,#Cleopatra_Ant,0,1,1,2,65,9,2
#Alexas_Ant,#EUNUCHS_Ant,0,1,1,2,65,9,2
#Alexas_Ant,#Iras_Ant,0,1,1,2,65,9,2
#Alexas_Ant,#Mardian_Ant,0,1,1,2,65,9,2
#Antony_JC,#Charmian_Ant,0,1,1,2,65,9,2
#Antony_JC,#Cleopatra_Ant,0,1,1,2,65,9,2
#Antony_JC,#EUNUCHS_Ant,0,1,1,2,65,9,2
#Antony_JC,#Iras_Ant,0,1,1,2,65,9,2
#Antony_JC,#Mardian_Ant,0,1,1,2,65,9,2
#Charmian_Ant,#Cleopatra_Ant,0,1,1,2,65,9,2
#Charmian_Ant,#EUNUCHS_Ant,0,1,1,2,65,9,2
#Charmian_Ant,#Iras_Ant,0,1,1,2,65,9,2
#Charmian_Ant,#Mardian_Ant,0,1,1,2,65,9,2
#Cleopatra_Ant,#EUNUCHS_Ant,0,1,1,2,65,9,2
#Cleopatra_Ant,#Iras_Ant,0,1,1,2,65,9,2
#Cleopatra_Ant,#Mardian_Ant,0,1,1,2,65,9,2
#Demetrius_Ant,#Alexas_Ant,0,1,1,2,65,9,2
#Demetrius_Ant,#Antony_JC,0,1,1,2,65,9,2
#Demetrius_Ant,#Charmian_Ant,0,1,1,2,65,9,2
#Demetrius_Ant,#Cleopatra_Ant,0,1,1,2,65,9,2
#Demetrius_Ant,#EUNUCHS_Ant,0,1,1,2,65,9,2
#Demetrius_Ant,#Iras_Ant,0,1,1,2,65,9,2
#Demetrius_Ant,#Mardian_Ant,0,1,1,2,65,9,2
#Demetrius_Ant,#Philo_Ant,1,1,1,2,65,9,2
#EUNUCHS_Ant,#Iras_Ant,0,1,1,2,65,9,2
#EUNUCHS_Ant,#Mardian_Ant,0,1,1,2,65,9,2
#Iras_Ant,#Mardian_Ant,0,1,1,2,65,9,2
#Philo_Ant,#Alexas_Ant,0,1,1,2,65,9,2
#Philo_Ant,#Antony_JC,0,1,1,2,65,9,2
#Philo_Ant,#Charmian_Ant,0,1,1,2,65,9,2
#Philo_Ant,#Cleopatra_Ant,0,1,1,2,65,9,2
#Philo_Ant,#EUNUCHS_Ant,0,1,1,2,65,9,2
#Philo_Ant,#Iras_Ant,0,1,1,2,65,9,2
#Philo_Ant,#Mardian_Ant,0,1,1,2,65,9,2
#Alexas_Ant,#Antony_JC,1,1,1,3,300,45,3
#Alexas_Ant,#Charmian_Ant,1,1,1,3,300,45,3
#Alexas_Ant,#Cleopatra_Ant,1,1,1,3,300,45,3
#Alexas_Ant,#EUNUCHS_Ant,1,1,1,3,300,45,3
#Alexas_Ant,#Iras_Ant,1,1,1,3,300,45,3
#Alexas_Ant,#MESSENGERS.X.1_Ant,0,1,1,3,300,45,3
#Alexas_Ant,#Mardian_Ant,1,1,1,3,300,45,3
#Antony_JC,#Charmian_Ant,1,1,1,3,300,45,3
#Antony_JC,#Cleopatra_Ant,1,1,1,3,300,45,3
#Antony_JC,#EUNUCHS_Ant,1,1,1,3,300,45,3
#Antony_JC,#Iras_Ant,1,1,1,3,300,45,3
#Antony_JC,#MESSENGERS.X.1_Ant,0,1,1,3,300,45,3
#Antony_JC,#Mardian_Ant,1,1,1,3,300,45,3
#Charmian_Ant,#Cleopatra_Ant,1,1,1,3,300,45,3
#Charmian_Ant,#EUNUCHS_Ant,1,1,1,3,300,45,3
#Charmian_Ant,#Iras_Ant,1,1,1,3,300,45,3
#Charmian_Ant,#MESSENGERS.X.1_Ant,0,1,1,3,300,45,3
#Charmian_Ant,#Mardian_Ant,1,1,1,3,300,45,3
#Cleopatra_Ant,#EUNUCHS_Ant,1,1,1,3,300,45,3
#Cleopatra_Ant,#Iras_Ant,1,1,1,3,300,45,3
#Cleopatra_Ant,#MESSENGERS.X.1_Ant,0,1,1,3,300,45,3
#Cleopatra_Ant,#Mardian_Ant,1,1,1,3,300,45,3
#Demetrius_Ant,#Alexas_Ant,1,1,1,3,300,45,3
#Demetrius_Ant,#Antony_JC,1,1,1,3,300,45,3
#Demetrius_Ant,#Charmian_Ant,1,1,1,3,300,45,3
#Demetrius_Ant,#Cleopatra_Ant,1,1,1,3,300,45,3
#Demetrius_Ant,#EUNUCHS_Ant,1,1,1,3,300,45,3
#Demetrius_Ant,#Iras_Ant,1,1,1,3,300,45,3
#Demetrius_Ant,#MESSENGERS.X.1_Ant,0,1,1,3,300,45,3
#Demetrius_Ant,#Mardian_Ant,1,1,1,3,300,45,3
#Demetrius_Ant,#Philo_Ant,2,1,1,3,300,45,3
#EUNUCHS_Ant,#Iras_Ant,1,1,1,3,300,45,3
#EUNUCHS_Ant,#MESSENGERS.X.1_Ant,0,1,1,3,300,45,3
#EUNUCHS_Ant,#Mardian_Ant,1,1,1,3,300,45,3
#Iras_Ant,#MESSENGERS.X.1_Ant,0,1,1,3,300,45,3
#Iras_Ant,#Mardian_Ant,1,1,1,3,300,45,3
#Mardian_Ant,#MESSENGERS.X.1_Ant,0,1,1,3,300,45,3
#Philo_Ant,#Alexas_Ant,1,1,1,3,300,45,3
#Philo_Ant,#Antony_JC,1,1,1,3,300,45,3
#Philo_Ant,#Charmian_Ant,1,1,1,3,300,45,3
#Philo_Ant,#Cleopatra_Ant,1,1,1,3,300,45,3
#Philo_Ant,#EUNUCHS_Ant,1,1,1,3,300,45,3
#Philo_Ant,#Iras_Ant,1,1,1,3,300,45,3
#Philo_Ant,#MESSENGERS.X.1_Ant,0,1,1,3,300,45,3
#Philo_Ant,#Mardian_Ant,1,1,1,3,300,45,3
#Demetrius_Ant,#MESSENGERS.X.1_Ant,1,1,1,4,56,8,4
#Demetrius_Ant,#Philo_Ant,3,1,1,4,56,8,4
#Philo_Ant,#MESSENGERS.X.1_Ant,1,1,1,4,56,8,4
#Alexas_Ant,#Charmian_Ant,2,1,2,5,529,82,5
#Alexas_Ant,#Enobarbus_Ant,0,1,2,5,529,82,5
#Alexas_Ant,#Iras_Ant,2,1,2,5,529,82,5
#Alexas_Ant,#Mardian_Ant,2,1,2,5,529,82,5
#Alexas_Ant,#SERVANTS.Lamprius_Ant,0,1,2,5,529,82,5
#Alexas_Ant,#SERVANTS.Lucillius_Ant,0,1,2,5,529,82,5
#Alexas_Ant,#SERVANTS.Rannius_Ant,0,1,2,5,529,82,5
#Alexas_Ant,#Soothsayer_Ant,0,1,2,5,529,82,5
#Charmian_Ant,#Enobarbus_Ant,0,1,2,5,529,82,5
#Charmian_Ant,#Iras_Ant,2,1,2,5,529,82,5
#Charmian_Ant,#Mardian_Ant,2,1,2,5,529,82,5
#Charmian_Ant,#SERVANTS.Lamprius_Ant,0,1,2,5,529,82,5
#Charmian_Ant,#SERVANTS.Lucillius_Ant,0,1,2,5,529,82,5
#Charmian_Ant,#SERVANTS.Rannius_Ant,0,1,2,5,529,82,5
#Charmian_Ant,#Soothsayer_Ant,0,1,2,5,529,82,5
#Enobarbus_Ant,#SERVANTS.Lamprius_Ant,0,1,2,5,529,82,5
#Enobarbus_Ant,#SERVANTS.Lucillius_Ant,0,1,2,5,529,82,5
#Enobarbus_Ant,#SERVANTS.Rannius_Ant,0,1,2,5,529,82,5
#Enobarbus_Ant,#Soothsayer_Ant,0,1,2,5,529,82,5
#Iras_Ant,#Enobarbus_Ant,0,1,2,5,529,82,5
#Iras_Ant,#Mardian_Ant,2,1,2,5,529,82,5
#Iras_Ant,#SERVANTS.Lamprius_Ant,0,1,2,5,529,82,5
#Iras_Ant,#SERVANTS.Lucillius_Ant,0,1,2,5,529,82,5
#Iras_Ant,#SERVANTS.Rannius_Ant,0,1,2,5,529,82,5
#Iras_Ant,#Soothsayer_Ant,0,1,2,5,529,82,5
#Mardian_Ant,#Enobarbus_Ant,0,1,2,5,529,82,5
#Mardian_Ant,#SERVANTS.Lamprius_Ant,0,1,2,5,529,82,5
#Mardian_Ant,#SERVANTS.Lucillius_Ant,0,1,2,5,529,82,5
#Mardian_Ant,#SERVANTS.Rannius_Ant,0,1,2,5,529,82,5
#Mardian_Ant,#Soothsayer_Ant,0,1,2,5,529,82,5
#SERVANTS.Lamprius_Ant,#SERVANTS.Lucillius_Ant,0,1,2,5,529,82,5
#SERVANTS.Lamprius_Ant,#SERVANTS.Rannius_Ant,0,1,2,5,529,82,5
#SERVANTS.Lamprius_Ant,#Soothsayer_Ant,0,1,2,5,529,82,5
#SERVANTS.Lucillius_Ant,#SERVANTS.Rannius_Ant,0,1,2,5,529,82,5
#SERVANTS.Lucillius_Ant,#Soothsayer_Ant,0,1,2,5,529,82,5
#SERVANTS.Rannius_Ant,#Soothsayer_Ant,0,1,2,5,529,82,5
#Alexas_Ant,#Charmian_Ant,3,1,2,6,44,9,6
#Alexas_Ant,#Cleopatra_Ant,2,1,2,6,44,9,6
#Alexas_Ant,#Enobarbus_Ant,1,1,2,6,44,9,6
#Alexas_Ant,#Iras_Ant,3,1,2,6,44,9,6
#Alexas_Ant,#Mardian_Ant,3,1,2,6,44,9,6
#Alexas_Ant,#SERVANTS.Lamprius_Ant,1,1,2,6,44,9,6
#Alexas_Ant,#SERVANTS.Lucillius_Ant,1,1,2,6,44,9,6
#Alexas_Ant,#SERVANTS.Rannius_Ant,1,1,2,6,44,9,6
#Alexas_Ant,#Soothsayer_Ant,1,1,2,6,44,9,6
#Charmian_Ant,#Cleopatra_Ant,2,1,2,6,44,9,6
#Charmian_Ant,#Enobarbus_Ant,1,1,2,6,44,9,6
#Charmian_Ant,#Iras_Ant,3,1,2,6,44,9,6
#Charmian_Ant,#Mardian_Ant,3,1,2,6,44,9,6
#Charmian_Ant,#SERVANTS.Lamprius_Ant,1,1,2,6,44,9,6
#Charmian_Ant,#SERVANTS.Lucillius_Ant,1,1,2,6,44,9,6
#Charmian_Ant,#SERVANTS.Rannius_Ant,1,1,2,6,44,9,6
#Charmian_Ant,#Soothsayer_Ant,1,1,2,6,44,9,6
#Cleopatra_Ant,#Enobarbus_Ant,0,1,2,6,44,9,6
#Cleopatra_Ant,#Iras_Ant,2,1,2,6,44,9,6
#Cleopatra_Ant,#Mardian_Ant,2,1,2,6,44,9,6
#Cleopatra_Ant,#SERVANTS.Lamprius_Ant,0,1,2,6,44,9,6
#Cleopatra_Ant,#SERVANTS.Lucillius_Ant,0,1,2,6,44,9,6
#Cleopatra_Ant,#SERVANTS.Rannius_Ant,0,1,2,6,44,9,6
#Cleopatra_Ant,#Soothsayer_Ant,0,1,2,6,44,9,6
#Enobarbus_Ant,#SERVANTS.Lamprius_Ant,1,1,2,6,44,9,6
#Enobarbus_Ant,#SERVANTS.Lucillius_Ant,1,1,2,6,44,9,6
#Enobarbus_Ant,#SERVANTS.Rannius_Ant,1,1,2,6,44,9,6
#Enobarbus_Ant,#Soothsayer_Ant,1,1,2,6,44,9,6
#Iras_Ant,#Enobarbus_Ant,1,1,2,6,44,9,6
#Iras_Ant,#Mardian_Ant,3,1,2,6,44,9,6
#Iras_Ant,#SERVANTS.Lamprius_Ant,1,1,2,6,44,9,6
#Iras_Ant,#SERVANTS.Lucillius_Ant,1,1,2,6,44,9,6
#Iras_Ant,#SERVANTS.Rannius_Ant,1,1,2,6,44,9,6
#Iras_Ant,#Soothsayer_Ant,1,1,2,6,44,9,6
#Mardian_Ant,#Enobarbus_Ant,1,1,2,6,44,9,6
#Mardian_Ant,#SERVANTS.Lamprius_Ant,1,1,2,6,44,9,6
#Mardian_Ant,#SERVANTS.Lucillius_Ant,1,1,2,6,44,9,6
#Mardian_Ant,#SERVANTS.Rannius_Ant,1,1,2,6,44,9,6
#Mardian_Ant,#Soothsayer_Ant,1,1,2,6,44,9,6
#SERVANTS.Lamprius_Ant,#SERVANTS.Lucillius_Ant,1,1,2,6,44,9,6
#SERVANTS.Lamprius_Ant,#SERVANTS.Rannius_Ant,1,1,2,6,44,9,6
#SERVANTS.Lamprius_Ant,#Soothsayer_Ant,1,1,2,6,44,9,6
#SERVANTS.Lucillius_Ant,#SERVANTS.Rannius_Ant,1,1,2,6,44,9,6
#SERVANTS.Lucillius_Ant,#Soothsayer_Ant,1,1,2,6,44,9,6
#SERVANTS.Rannius_Ant,#Soothsayer_Ant,1,1,2,6,44,9,6
#Alexas_Ant,#Antony_JC,2,1,2,7,9,1,7
#Alexas_Ant,#Charmian_Ant,4,1,2,7,9,1,7
#Alexas_Ant,#Cleopatra_Ant,3,1,2,7,9,1,7
#Alexas_Ant,#Enobarbus_Ant,2,1,2,7,9,1,7
#Alexas_Ant,#Iras_Ant,4,1,2,7,9,1,7
#Alexas_Ant,#MESSENGERS.ANTONY.1_Ant,0,1,2,7,9,1,7
#Alexas_Ant,#Mardian_Ant,4,1,2,7,9,1,7
#Alexas_Ant,#SERVANTS.Lamprius_Ant,2,1,2,7,9,1,7
#Alexas_Ant,#SERVANTS.Lucillius_Ant,2,1,2,7,9,1,7
#Alexas_Ant,#SERVANTS.Rannius_Ant,2,1,2,7,9,1,7
#Alexas_Ant,#Soothsayer_Ant,2,1,2,7,9,1,7
#Antony_JC,#Charmian_Ant,2,1,2,7,9,1,7
#Antony_JC,#Cleopatra_Ant,2,1,2,7,9,1,7
#Antony_JC,#Enobarbus_Ant,0,1,2,7,9,1,7
#Antony_JC,#Iras_Ant,2,1,2,7,9,1,7
#Antony_JC,#MESSENGERS.ANTONY.1_Ant,0,1,2,7,9,1,7
#Antony_JC,#Mardian_Ant,2,1,2,7,9,1,7
#Antony_JC,#SERVANTS.Lamprius_Ant,0,1,2,7,9,1,7
#Antony_JC,#SERVANTS.Lucillius_Ant,0,1,2,7,9,1,7
#Antony_JC,#SERVANTS.Rannius_Ant,0,1,2,7,9,1,7
#Antony_JC,#Soothsayer_Ant,0,1,2,7,9,1,7
#Charmian_Ant,#Cleopatra_Ant,3,1,2,7,9,1,7
#Charmian_Ant,#Enobarbus_Ant,2,1,2,7,9,1,7
#Charmian_Ant,#Iras_Ant,4,1,2,7,9,1,7
#Charmian_Ant,#MESSENGERS.ANTONY.1_Ant,0,1,2,7,9,1,7
#Charmian_Ant,#Mardian_Ant,4,1,2,7,9,1,7
#Charmian_Ant,#SERVANTS.Lamprius_Ant,2,1,2,7,9,1,7
#Charmian_Ant,#SERVANTS.Lucillius_Ant,2,1,2,7,9,1,7
#Charmian_Ant,#SERVANTS.Rannius_Ant,2,1,2,7,9,1,7
#Charmian_Ant,#Soothsayer_Ant,2,1,2,7,9,1,7
#Cleopatra_Ant,#Enobarbus_Ant,1,1,2,7,9,1,7
#Cleopatra_Ant,#Iras_Ant,3,1,2,7,9,1,7
#Cleopatra_Ant,#MESSENGERS.ANTONY.1_Ant,0,1,2,7,9,1,7
#Cleopatra_Ant,#Mardian_Ant,3,1,2,7,9,1,7
#Cleopatra_Ant,#SERVANTS.Lamprius_Ant,1,1,2,7,9,1,7
#Cleopatra_Ant,#SERVANTS.Lucillius_Ant,1,1,2,7,9,1,7
#Cleopatra_Ant,#SERVANTS.Rannius_Ant,1,1,2,7,9,1,7
#Cleopatra_Ant,#Soothsayer_Ant,1,1,2,7,9,1,7
#Enobarbus_Ant,#MESSENGERS.ANTONY.1_Ant,0,1,2,7,9,1,7
#Enobarbus_Ant,#SERVANTS.Lamprius_Ant,2,1,2,7,9,1,7
#Enobarbus_Ant,#SERVANTS.Lucillius_Ant,2,1,2,7,9,1,7
#Enobarbus_Ant,#SERVANTS.Rannius_Ant,2,1,2,7,9,1,7
#Enobarbus_Ant,#Soothsayer_Ant,2,1,2,7,9,1,7
#Iras_Ant,#Enobarbus_Ant,2,1,2,7,9,1,7
#Iras_Ant,#MESSENGERS.ANTONY.1_Ant,0,1,2,7,9,1,7
#Iras_Ant,#Mardian_Ant,4,1,2,7,9,1,7
#Iras_Ant,#SERVANTS.Lamprius_Ant,2,1,2,7,9,1,7
#Iras_Ant,#SERVANTS.Lucillius_Ant,2,1,2,7,9,1,7
#Iras_Ant,#SERVANTS.Rannius_Ant,2,1,2,7,9,1,7
#Iras_Ant,#Soothsayer_Ant,2,1,2,7,9,1,7
#Mardian_Ant,#Enobarbus_Ant,2,1,2,7,9,1,7
#Mardian_Ant,#MESSENGERS.ANTONY.1_Ant,0,1,2,7,9,1,7
#Mardian_Ant,#SERVANTS.Lamprius_Ant,2,1,2,7,9,1,7
#Mardian_Ant,#SERVANTS.Lucillius_Ant,2,1,2,7,9,1,7
#Mardian_Ant,#SERVANTS.Rannius_Ant,2,1,2,7,9,1,7
#Mardian_Ant,#Soothsayer_Ant,2,1,2,7,9,1,7
#SERVANTS.Lamprius_Ant,#MESSENGERS.ANTONY.1_Ant,0,1,2,7,9,1,7
#SERVANTS.Lamprius_Ant,#SERVANTS.Lucillius_Ant,2,1,2,7,9,1,7
#SERVANTS.Lamprius_Ant,#SERVANTS.Rannius_Ant,2,1,2,7,9,1,7
#SERVANTS.Lamprius_Ant,#Soothsayer_Ant,2,1,2,7,9,1,7
#SERVANTS.Lucillius_Ant,#MESSENGERS.ANTONY.1_Ant,0,1,2,7,9,1,7
#SERVANTS.Lucillius_Ant,#SERVANTS.Rannius_Ant,2,1,2,7,9,1,7
#SERVANTS.Lucillius_Ant,#Soothsayer_Ant,2,1,2,7,9,1,7
#SERVANTS.Rannius_Ant,#MESSENGERS.ANTONY.1_Ant,0,1,2,7,9,1,7
#SERVANTS.Rannius_Ant,#Soothsayer_Ant,2,1,2,7,9,1,7
#Soothsayer_Ant,#MESSENGERS.ANTONY.1_Ant,0,1,2,7,9,1,7
#Antony_JC,#MESSENGERS.ANTONY.1_Ant,1,1,2,8,192,30,8
#Antony_JC,#MESSENGERS.ANTONY.2_Ant,0,1,2,9,24,5,9
#Antony_JC,#MESSENGERS.ANTONY.3_Ant,0,1,2,11,30,7,11
#Antony_JC,#Enobarbus_Ant,1,1,2,13,506,69,13
#Alexas_Ant,#Charmian_Ant,5,1,3,14,45,6,14
#Alexas_Ant,#Cleopatra_Ant,4,1,3,14,45,6,14
#Alexas_Ant,#Iras_Ant,5,1,3,14,45,6,14
#Charmian_Ant,#Cleopatra_Ant,4,1,3,14,45,6,14
#Charmian_Ant,#Iras_Ant,5,1,3,14,45,6,14
#Cleopatra_Ant,#Iras_Ant,4,1,3,14,45,6,14
#Charmian_Ant,#Cleopatra_Ant,5,1,3,15,65,8,15
#Charmian_Ant,#Iras_Ant,6,1,3,15,65,8,15
#Cleopatra_Ant,#Iras_Ant,5,1,3,15,65,8,15
#Antony_JC,#Charmian_Ant,3,1,3,16,741,113,16
#Antony_JC,#Cleopatra_Ant,3,1,3,16,741,113,16
#Antony_JC,#Iras_Ant,3,1,3,16,741,113,16
#Charmian_Ant,#Cleopatra_Ant,6,1,3,16,741,113,16
#Charmian_Ant,#Iras_Ant,7,1,3,16,741,113,16
#Cleopatra_Ant,#Iras_Ant,6,1,3,16,741,113,16
#ATTENDANTS.ROMAN_Ant,#Lepidus_JC,0,1,4,17,269,37,17
#ATTENDANTS.ROMAN_Ant,#Octavius_JC,0,1,4,17,269,37,17
#Lepidus_JC,#Octavius_JC,0,1,4,17,269,37,17
#ATTENDANTS.ROMAN_Ant,#Lepidus_JC,1,1,4,18,115,16,18
#ATTENDANTS.ROMAN_Ant,#MESSENGERS.CAESAR.1_Ant,0,1,4,18,115,16,18
#ATTENDANTS.ROMAN_Ant,#Octavius_JC,1,1,4,18,115,16,18
#Lepidus_JC,#MESSENGERS.CAESAR.1_Ant,0,1,4,18,115,16,18
#Lepidus_JC,#Octavius_JC,1,1,4,18,115,16,18
#Octavius_JC,#MESSENGERS.CAESAR.1_Ant,0,1,4,18,115,16,18
#ATTENDANTS.ROMAN_Ant,#Lepidus_JC,2,1,4,19,293,44,19
#ATTENDANTS.ROMAN_Ant,#MESSENGERS.CAESAR.1_Ant,1,1,4,19,293,44,19
#ATTENDANTS.ROMAN_Ant,#MESSENGERS.CAESAR.2_Ant,0,1,4,19,293,44,19
#ATTENDANTS.ROMAN_Ant,#Octavius_JC,2,1,4,19,293,44,19
#Lepidus_JC,#MESSENGERS.CAESAR.1_Ant,1,1,4,19,293,44,19
#Lepidus_JC,#MESSENGERS.CAESAR.2_Ant,0,1,4,19,293,44,19
#Lepidus_JC,#Octavius_JC,2,1,4,19,293,44,19
#MESSENGERS.CAESAR.1_Ant,#MESSENGERS.CAESAR.2_Ant,0,1,4,19,293,44,19
#Octavius_JC,#MESSENGERS.CAESAR.1_Ant,1,1,4,19,293,44,19
#Octavius_JC,#MESSENGERS.CAESAR.2_Ant,0,1,4,19,293,44,19
#Charmian_Ant,#Cleopatra_Ant,7,1,5,20,246,39,20
#Charmian_Ant,#Iras_Ant,8,1,5,20,246,39,20
#Charmian_Ant,#Mardian_Ant,5,1,5,20,246,39,20
#Cleopatra_Ant,#Iras_Ant,7,1,5,20,246,39,20
#Cleopatra_Ant,#Mardian_Ant,4,1,5,20,246,39,20
#Iras_Ant,#Mardian_Ant,5,1,5,20,246,39,20
#Alexas_Ant,#Charmian_Ant,6,1,5,21,353,54,21
#Alexas_Ant,#Cleopatra_Ant,5,1,5,21,353,54,21
#Alexas_Ant,#Iras_Ant,6,1,5,21,353,54,21
#Alexas_Ant,#Mardian_Ant,5,1,5,21,353,54,21
#Charmian_Ant,#Cleopatra_Ant,8,1,5,21,353,54,21
#Charmian_Ant,#Iras_Ant,9,1,5,21,353,54,21
#Charmian_Ant,#Mardian_Ant,6,1,5,21,353,54,21
#Cleopatra_Ant,#Iras_Ant,8,1,5,21,353,54,21
#Cleopatra_Ant,#Mardian_Ant,5,1,5,21,353,54,21
#Iras_Ant,#Mardian_Ant,6,1,5,21,353,54,21
#Menas_Ant,#Menecrates_Ant,0,2,1,22,217,32,22
#Menas_Ant,#Pompey_Ant,0,2,1,22,217,32,22
#Menecrates_Ant,#Pompey_Ant,0,2,1,22,217,32,22
#Menas_Ant,#Menecrates_Ant,1,2,1,23,197,30,23
#Menas_Ant,#Pompey_Ant,1,2,1,23,197,30,23
#Menas_Ant,#Varrius_Ant,0,2,1,23,197,30,23
#Menecrates_Ant,#Pompey_Ant,1,2,1,23,197,30,23
#Menecrates_Ant,#Varrius_Ant,0,2,1,23,197,30,23
#Pompey_Ant,#Varrius_Ant,0,2,1,23,197,30,23
#Enobarbus_Ant,#Lepidus_JC,0,2,2,24,108,16,24
#Antony_JC,#Enobarbus_Ant,2,2,2,25,3,1,25
#Antony_JC,#Lepidus_JC,0,2,2,25,3,1,25
#Antony_JC,#Ventidius_Ant,0,2,2,25,3,1,25
#Enobarbus_Ant,#Lepidus_JC,1,2,2,25,3,1,25
#Enobarbus_Ant,#Ventidius_Ant,0,2,2,25,3,1,25
#Lepidus_JC,#Ventidius_Ant,0,2,2,25,3,1,25
#Agrippa_Ant,#Maecenas_Ant,0,2,2,26,1259,189,26
#Antony_JC,#Agrippa_Ant,0,2,2,26,1259,189,26
#Antony_JC,#Enobarbus_Ant,3,2,2,26,1259,189,26
#Antony_JC,#Lepidus_JC,1,2,2,26,1259,189,26
#Antony_JC,#Maecenas_Ant,0,2,2,26,1259,189,26
#Antony_JC,#Octavius_JC,0,2,2,26,1259,189,26
#Antony_JC,#Ventidius_Ant,1,2,2,26,1259,189,26
#Enobarbus_Ant,#Agrippa_Ant,0,2,2,26,1259,189,26
#Enobarbus_Ant,#Lepidus_JC,2,2,2,26,1259,189,26
#Enobarbus_Ant,#Maecenas_Ant,0,2,2,26,1259,189,26
#Enobarbus_Ant,#Octavius_JC,0,2,2,26,1259,189,26
#Enobarbus_Ant,#Ventidius_Ant,1,2,2,26,1259,189,26
#Lepidus_JC,#Agrippa_Ant,0,2,2,26,1259,189,26
#Lepidus_JC,#Maecenas_Ant,0,2,2,26,1259,189,26
#Lepidus_JC,#Octavius_JC,3,2,2,26,1259,189,26
#Lepidus_JC,#Ventidius_Ant,1,2,2,26,1259,189,26
#Octavius_JC,#Agrippa_Ant,0,2,2,26,1259,189,26
#Octavius_JC,#Maecenas_Ant,0,2,2,26,1259,189,26
#Octavius_JC,#Ventidius_Ant,0,2,2,26,1259,189,26
#Ventidius_Ant,#Agrippa_Ant,0,2,2,26,1259,189,26
#Ventidius_Ant,#Maecenas_Ant,0,2,2,26,1259,189,26
#Agrippa_Ant,#Maecenas_Ant,1,2,2,27,540,82,27
#Enobarbus_Ant,#Agrippa_Ant,1,2,2,27,540,82,27
#Enobarbus_Ant,#Maecenas_Ant,1,2,2,27,540,82,27
#Antony_JC,#Octavia_Ant,0,2,3,28,66,12,28
#Antony_JC,#Octavius_JC,1,2,3,28,66,12,28
#Octavius_JC,#Octavia_Ant,0,2,3,28,66,12,28
#Antony_JC,#Soothsayer_Ant,1,2,3,29,170,25,29
#Antony_JC,#Ventidius_Ant,2,2,3,31,15,3,31
#Agrippa_Ant,#Maecenas_Ant,2,2,4,32,71,14,32
#Lepidus_JC,#Agrippa_Ant,1,2,4,32,71,14,32
#Lepidus_JC,#Maecenas_Ant,1,2,4,32,71,14,32
#Alexas_Ant,#Charmian_Ant,7,2,5,33,16,3,33
#Alexas_Ant,#Cleopatra_Ant,6,2,5,33,16,3,33
#Alexas_Ant,#Iras_Ant,7,2,5,33,16,3,33
#Charmian_Ant,#Cleopatra_Ant,9,2,5,33,16,3,33
#Charmian_Ant,#Iras_Ant,10,2,5,33,16,3,33
#Cleopatra_Ant,#Iras_Ant,9,2,5,33,16,3,33
#Alexas_Ant,#Charmian_Ant,8,2,5,34,174,24,34
#Alexas_Ant,#Cleopatra_Ant,7,2,5,34,174,24,34
#Alexas_Ant,#Iras_Ant,8,2,5,34,174,24,34
#Alexas_Ant,#Mardian_Ant,6,2,5,34,174,24,34
#Charmian_Ant,#Cleopatra_Ant,10,2,5,34,174,24,34
#Charmian_Ant,#Iras_Ant,11,2,5,34,174,24,34
#Charmian_Ant,#Mardian_Ant,7,2,5,34,174,24,34
#Cleopatra_Ant,#Iras_Ant,10,2,5,34,174,24,34
#Cleopatra_Ant,#Mardian_Ant,6,2,5,34,174,24,34
#Iras_Ant,#Mardian_Ant,7,2,5,34,174,24,34
#Alexas_Ant,#Charmian_Ant,9,2,5,35,429,66,35
#Alexas_Ant,#Cleopatra_Ant,8,2,5,35,429,66,35
#Alexas_Ant,#Iras_Ant,9,2,5,35,429,66,35
#Alexas_Ant,#MESSENGERS.X.2_Ant,0,2,5,35,429,66,35
#Alexas_Ant,#Mardian_Ant,7,2,5,35,429,66,35
#Charmian_Ant,#Cleopatra_Ant,11,2,5,35,429,66,35
#Charmian_Ant,#Iras_Ant,12,2,5,35,429,66,35
#Charmian_Ant,#MESSENGERS.X.2_Ant,0,2,5,35,429,66,35
#Charmian_Ant,#Mardian_Ant,8,2,5,35,429,66,35
#Cleopatra_Ant,#Iras_Ant,11,2,5,35,429,66,35
#Cleopatra_Ant,#MESSENGERS.X.2_Ant,0,2,5,35,429,66,35
#Cleopatra_Ant,#Mardian_Ant,7,2,5,35,429,66,35
#Iras_Ant,#MESSENGERS.X.2_Ant,0,2,5,35,429,66,35
#Iras_Ant,#Mardian_Ant,8,2,5,35,429,66,35
#Mardian_Ant,#MESSENGERS.X.2_Ant,0,2,5,35,429,66,35
#Alexas_Ant,#Charmian_Ant,10,2,5,36,71,11,36
#Alexas_Ant,#Cleopatra_Ant,9,2,5,36,71,11,36
#Alexas_Ant,#Iras_Ant,10,2,5,36,71,11,36
#Alexas_Ant,#Mardian_Ant,8,2,5,36,71,11,36
#Charmian_Ant,#Cleopatra_Ant,12,2,5,36,71,11,36
#Charmian_Ant,#Iras_Ant,13,2,5,36,71,11,36
#Charmian_Ant,#Mardian_Ant,9,2,5,36,71,11,36
#Cleopatra_Ant,#Iras_Ant,12,2,5,36,71,11,36
#Cleopatra_Ant,#Mardian_Ant,8,2,5,36,71,11,36
#Iras_Ant,#Mardian_Ant,9,2,5,36,71,11,36
#Alexas_Ant,#Charmian_Ant,11,2,5,37,187,28,37
#Alexas_Ant,#Cleopatra_Ant,10,2,5,37,187,28,37
#Alexas_Ant,#Iras_Ant,11,2,5,37,187,28,37
#Alexas_Ant,#MESSENGERS.X.2_Ant,1,2,5,37,187,28,37
#Alexas_Ant,#Mardian_Ant,9,2,5,37,187,28,37
#Charmian_Ant,#Cleopatra_Ant,13,2,5,37,187,28,37
#Charmian_Ant,#Iras_Ant,14,2,5,37,187,28,37
#Charmian_Ant,#MESSENGERS.X.2_Ant,1,2,5,37,187,28,37
#Charmian_Ant,#Mardian_Ant,10,2,5,37,187,28,37
#Cleopatra_Ant,#Iras_Ant,13,2,5,37,187,28,37
#Cleopatra_Ant,#MESSENGERS.X.2_Ant,1,2,5,37,187,28,37
#Cleopatra_Ant,#Mardian_Ant,9,2,5,37,187,28,37
#Iras_Ant,#MESSENGERS.X.2_Ant,1,2,5,37,187,28,37
#Iras_Ant,#Mardian_Ant,10,2,5,37,187,28,37
#Mardian_Ant,#MESSENGERS.X.2_Ant,1,2,5,37,187,28,37
#Alexas_Ant,#Charmian_Ant,12,2,5,38,63,10,38
#Alexas_Ant,#Cleopatra_Ant,11,2,5,38,63,10,38
#Alexas_Ant,#Iras_Ant,12,2,5,38,63,10,38
#Alexas_Ant,#Mardian_Ant,10,2,5,38,63,10,38
#Charmian_Ant,#Cleopatra_Ant,14,2,5,38,63,10,38
#Charmian_Ant,#Iras_Ant,15,2,5,38,63,10,38
#Charmian_Ant,#Mardian_Ant,11,2,5,38,63,10,38
#Cleopatra_Ant,#Iras_Ant,14,2,5,38,63,10,38
#Cleopatra_Ant,#Mardian_Ant,10,2,5,38,63,10,38
#Iras_Ant,#Mardian_Ant,11,2,5,38,63,10,38
#Charmian_Ant,#Cleopatra_Ant,15,2,5,39,47,7,39
#Charmian_Ant,#Iras_Ant,16,2,5,39,47,7,39
#Charmian_Ant,#Mardian_Ant,12,2,5,39,47,7,39
#Cleopatra_Ant,#Iras_Ant,15,2,5,39,47,7,39
#Cleopatra_Ant,#Mardian_Ant,11,2,5,39,47,7,39
#Iras_Ant,#Mardian_Ant,12,2,5,39,47,7,39
#Agrippa_Ant,#Maecenas_Ant,3,2,6,40,678,108,40
#Agrippa_Ant,#SOLDIERS_Ant,0,2,6,40,678,108,40
#Antony_JC,#Agrippa_Ant,1,2,6,40,678,108,40
#Antony_JC,#Enobarbus_Ant,4,2,6,40,678,108,40
#Antony_JC,#Lepidus_JC,2,2,6,40,678,108,40
#Antony_JC,#Maecenas_Ant,1,2,6,40,678,108,40
#Antony_JC,#Menas_Ant,0,2,6,40,678,108,40
#Antony_JC,#Octavius_JC,2,2,6,40,678,108,40
#Antony_JC,#Pompey_Ant,0,2,6,40,678,108,40
#Antony_JC,#SOLDIERS_Ant,0,2,6,40,678,108,40
#Enobarbus_Ant,#Agrippa_Ant,2,2,6,40,678,108,40
#Enobarbus_Ant,#Lepidus_JC,3,2,6,40,678,108,40
#Enobarbus_Ant,#Maecenas_Ant,2,2,6,40,678,108,40
#Enobarbus_Ant,#Menas_Ant,0,2,6,40,678,108,40
#Enobarbus_Ant,#Octavius_JC,1,2,6,40,678,108,40
#Enobarbus_Ant,#Pompey_Ant,0,2,6,40,678,108,40
#Enobarbus_Ant,#SOLDIERS_Ant,0,2,6,40,678,108,40
#Lepidus_JC,#Agrippa_Ant,2,2,6,40,678,108,40
#Lepidus_JC,#Maecenas_Ant,2,2,6,40,678,108,40
#Lepidus_JC,#Menas_Ant,0,2,6,40,678,108,40
#Lepidus_JC,#Octavius_JC,4,2,6,40,678,108,40
#Lepidus_JC,#Pompey_Ant,0,2,6,40,678,108,40
#Lepidus_JC,#SOLDIERS_Ant,0,2,6,40,678,108,40
#Maecenas_Ant,#SOLDIERS_Ant,0,2,6,40,678,108,40
#Menas_Ant,#Agrippa_Ant,0,2,6,40,678,108,40
#Menas_Ant,#Maecenas_Ant,0,2,6,40,678,108,40
#Menas_Ant,#Pompey_Ant,2,2,6,40,678,108,40
#Menas_Ant,#SOLDIERS_Ant,0,2,6,40,678,108,40
#Octavius_JC,#Agrippa_Ant,1,2,6,40,678,108,40
#Octavius_JC,#Maecenas_Ant,1,2,6,40,678,108,40
#Octavius_JC,#Menas_Ant,0,2,6,40,678,108,40
#Octavius_JC,#Pompey_Ant,0,2,6,40,678,108,40
#Octavius_JC,#SOLDIERS_Ant,0,2,6,40,678,108,40
#Pompey_Ant,#Agrippa_Ant,0,2,6,40,678,108,40
#Pompey_Ant,#Maecenas_Ant,0,2,6,40,678,108,40
#Pompey_Ant,#SOLDIERS_Ant,0,2,6,40,678,108,40
#Enobarbus_Ant,#Menas_Ant,1,2,6,41,388,58,41
#SERVANTS.0.1_Ant,#SERVANTS_Ant,0,2,7,42,21,3,42
#SERVANTS.0.1_Ant,#SERVANTS.0.2_Ant,0,2,7,43,103,13,43
#SERVANTS.0.1_Ant,#SERVANTS_Ant,1,2,7,43,103,13,43
#SERVANTS_Ant,#SERVANTS.0.2_Ant,0,2,7,43,103,13,43
#Agrippa_Ant,#Boy_Ant,0,2,7,44,878,138,44
#Agrippa_Ant,#CAPTAINS_Ant,0,2,7,44,878,138,44
#Agrippa_Ant,#Maecenas_Ant,4,2,7,44,878,138,44
#Agrippa_Ant,#SERVANTS.0.1_Ant,0,2,7,44,878,138,44
#Agrippa_Ant,#SERVANTS.0.2_Ant,0,2,7,44,878,138,44
#Agrippa_Ant,#SERVANTS_Ant,0,2,7,44,878,138,44
#Antony_JC,#Agrippa_Ant,2,2,7,44,878,138,44
#Antony_JC,#Boy_Ant,0,2,7,44,878,138,44
#Antony_JC,#CAPTAINS_Ant,0,2,7,44,878,138,44
#Antony_JC,#Enobarbus_Ant,5,2,7,44,878,138,44
#Antony_JC,#Lepidus_JC,3,2,7,44,878,138,44
#Antony_JC,#Maecenas_Ant,2,2,7,44,878,138,44
#Antony_JC,#Menas_Ant,1,2,7,44,878,138,44
#Antony_JC,#Octavius_JC,3,2,7,44,878,138,44
#Antony_JC,#Pompey_Ant,1,2,7,44,878,138,44
#Antony_JC,#SERVANTS.0.1_Ant,0,2,7,44,878,138,44
#Antony_JC,#SERVANTS.0.2_Ant,0,2,7,44,878,138,44
#Antony_JC,#SERVANTS_Ant,0,2,7,44,878,138,44
#Boy_Ant,#CAPTAINS_Ant,0,2,7,44,878,138,44
#Enobarbus_Ant,#Agrippa_Ant,3,2,7,44,878,138,44
#Enobarbus_Ant,#Boy_Ant,0,2,7,44,878,138,44
#Enobarbus_Ant,#CAPTAINS_Ant,0,2,7,44,878,138,44
#Enobarbus_Ant,#Lepidus_JC,4,2,7,44,878,138,44
#Enobarbus_Ant,#Maecenas_Ant,3,2,7,44,878,138,44
#Enobarbus_Ant,#Menas_Ant,2,2,7,44,878,138,44
#Enobarbus_Ant,#Octavius_JC,2,2,7,44,878,138,44
#Enobarbus_Ant,#Pompey_Ant,1,2,7,44,878,138,44
#Enobarbus_Ant,#SERVANTS.0.1_Ant,0,2,7,44,878,138,44
#Enobarbus_Ant,#SERVANTS.0.2_Ant,0,2,7,44,878,138,44
#Enobarbus_Ant,#SERVANTS_Ant,0,2,7,44,878,138,44
#Lepidus_JC,#Agrippa_Ant,3,2,7,44,878,138,44
#Lepidus_JC,#Boy_Ant,0,2,7,44,878,138,44
#Lepidus_JC,#CAPTAINS_Ant,0,2,7,44,878,138,44
#Lepidus_JC,#Maecenas_Ant,3,2,7,44,878,138,44
#Lepidus_JC,#Menas_Ant,1,2,7,44,878,138,44
#Lepidus_JC,#Octavius_JC,5,2,7,44,878,138,44
#Lepidus_JC,#Pompey_Ant,1,2,7,44,878,138,44
#Lepidus_JC,#SERVANTS.0.1_Ant,0,2,7,44,878,138,44
#Lepidus_JC,#SERVANTS.0.2_Ant,0,2,7,44,878,138,44
#Lepidus_JC,#SERVANTS_Ant,0,2,7,44,878,138,44
#Maecenas_Ant,#Boy_Ant,0,2,7,44,878,138,44
#Maecenas_Ant,#CAPTAINS_Ant,0,2,7,44,878,138,44
#Maecenas_Ant,#SERVANTS.0.1_Ant,0,2,7,44,878,138,44
#Maecenas_Ant,#SERVANTS.0.2_Ant,0,2,7,44,878,138,44
#Maecenas_Ant,#SERVANTS_Ant,0,2,7,44,878,138,44
#Menas_Ant,#Agrippa_Ant,1,2,7,44,878,138,44
#Menas_Ant,#Boy_Ant,0,2,7,44,878,138,44
#Menas_Ant,#CAPTAINS_Ant,0,2,7,44,878,138,44
#Menas_Ant,#Maecenas_Ant,1,2,7,44,878,138,44
#Menas_Ant,#Pompey_Ant,3,2,7,44,878,138,44
#Menas_Ant,#SERVANTS.0.1_Ant,0,2,7,44,878,138,44
#Menas_Ant,#SERVANTS.0.2_Ant,0,2,7,44,878,138,44
#Menas_Ant,#SERVANTS_Ant,0,2,7,44,878,138,44
#Octavius_JC,#Agrippa_Ant,2,2,7,44,878,138,44
#Octavius_JC,#Boy_Ant,0,2,7,44,878,138,44
#Octavius_JC,#CAPTAINS_Ant,0,2,7,44,878,138,44
#Octavius_JC,#Maecenas_Ant,2,2,7,44,878,138,44
#Octavius_JC,#Menas_Ant,1,2,7,44,878,138,44
#Octavius_JC,#Pompey_Ant,1,2,7,44,878,138,44
#Octavius_JC,#SERVANTS.0.1_Ant,0,2,7,44,878,138,44
#Octavius_JC,#SERVANTS.0.2_Ant,0,2,7,44,878,138,44
#Octavius_JC,#SERVANTS_Ant,0,2,7,44,878,138,44
#Pompey_Ant,#Agrippa_Ant,1,2,7,44,878,138,44
#Pompey_Ant,#Boy_Ant,0,2,7,44,878,138,44
#Pompey_Ant,#CAPTAINS_Ant,0,2,7,44,878,138,44
#Pompey_Ant,#Maecenas_Ant,1,2,7,44,878,138,44
#Pompey_Ant,#SERVANTS.0.1_Ant,0,2,7,44,878,138,44
#Pompey_Ant,#SERVANTS.0.2_Ant,0,2,7,44,878,138,44
#Pompey_Ant,#SERVANTS_Ant,0,2,7,44,878,138,44
#SERVANTS.0.1_Ant,#Boy_Ant,0,2,7,44,878,138,44
#SERVANTS.0.1_Ant,#CAPTAINS_Ant,0,2,7,44,878,138,44
#SERVANTS.0.1_Ant,#SERVANTS.0.2_Ant,1,2,7,44,878,138,44
#SERVANTS.0.1_Ant,#SERVANTS_Ant,2,2,7,44,878,138,44
#SERVANTS.0.2_Ant,#Boy_Ant,0,2,7,44,878,138,44
#SERVANTS.0.2_Ant,#CAPTAINS_Ant,0,2,7,44,878,138,44
#SERVANTS_Ant,#Boy_Ant,0,2,7,44,878,138,44
#SERVANTS_Ant,#CAPTAINS_Ant,0,2,7,44,878,138,44
#SERVANTS_Ant,#SERVANTS.0.2_Ant,1,2,7,44,878,138,44
#Enobarbus_Ant,#Menas_Ant,3,2,7,45,43,8,45
#Enobarbus_Ant,#SERVANTS.0.1_Ant,1,2,7,45,43,8,45
#Enobarbus_Ant,#SERVANTS.0.2_Ant,1,2,7,45,43,8,45
#Menas_Ant,#SERVANTS.0.1_Ant,1,2,7,45,43,8,45
#Menas_Ant,#SERVANTS.0.2_Ant,1,2,7,45,43,8,45
#SERVANTS.0.1_Ant,#SERVANTS.0.2_Ant,2,2,7,45,43,8,45
#SOLDIERS_Ant,#Silius_Ant,0,3,1,46,287,42,46
#Ventidius_Ant,#SOLDIERS_Ant,0,3,1,46,287,42,46
#Ventidius_Ant,#Silius_Ant,0,3,1,46,287,42,46
#Enobarbus_Ant,#Agrippa_Ant,4,3,2,47,167,27,47
#Agrippa_Ant,#Octavia_Ant,0,3,2,48,361,56,48
#Antony_JC,#Agrippa_Ant,3,3,2,48,361,56,48
#Antony_JC,#Enobarbus_Ant,6,3,2,48,361,56,48
#Antony_JC,#Lepidus_JC,4,3,2,48,361,56,48
#Antony_JC,#Octavia_Ant,1,3,2,48,361,56,48
#Antony_JC,#Octavius_JC,4,3,2,48,361,56,48
#Enobarbus_Ant,#Agrippa_Ant,5,3,2,48,361,56,48
#Enobarbus_Ant,#Lepidus_JC,5,3,2,48,361,56,48
#Enobarbus_Ant,#Octavia_Ant,0,3,2,48,361,56,48
#Enobarbus_Ant,#Octavius_JC,3,3,2,48,361,56,48
#Lepidus_JC,#Agrippa_Ant,4,3,2,48,361,56,48
#Lepidus_JC,#Octavia_Ant,0,3,2,48,361,56,48
#Lepidus_JC,#Octavius_JC,6,3,2,48,361,56,48
#Octavius_JC,#Agrippa_Ant,3,3,2,48,361,56,48
#Octavius_JC,#Octavia_Ant,1,3,2,48,361,56,48
#Alexas_Ant,#Charmian_Ant,13,3,3,49,15,3,49
#Alexas_Ant,#Cleopatra_Ant,12,3,3,49,15,3,49
#Alexas_Ant,#Iras_Ant,13,3,3,49,15,3,49
#Charmian_Ant,#Cleopatra_Ant,16,3,3,49,15,3,49
#Charmian_Ant,#Iras_Ant,17,3,3,49,15,3,49
#Cleopatra_Ant,#Iras_Ant,16,3,3,49,15,3,49
#Alexas_Ant,#Charmian_Ant,14,3,3,50,281,52,50
#Alexas_Ant,#Cleopatra_Ant,13,3,3,50,281,52,50
#Alexas_Ant,#Iras_Ant,14,3,3,50,281,52,50
#Alexas_Ant,#MESSENGERS.X.2_Ant,2,3,3,50,281,52,50
#Charmian_Ant,#Cleopatra_Ant,17,3,3,50,281,52,50
#Charmian_Ant,#Iras_Ant,18,3,3,50,281,52,50
#Charmian_Ant,#MESSENGERS.X.2_Ant,2,3,3,50,281,52,50
#Cleopatra_Ant,#Iras_Ant,17,3,3,50,281,52,50
#Cleopatra_Ant,#MESSENGERS.X.2_Ant,2,3,3,50,281,52,50
#Iras_Ant,#MESSENGERS.X.2_Ant,2,3,3,50,281,52,50
#Alexas_Ant,#Charmian_Ant,15,3,3,51,82,13,51
#Alexas_Ant,#Cleopatra_Ant,14,3,3,51,82,13,51
#Alexas_Ant,#Iras_Ant,15,3,3,51,82,13,51
#Charmian_Ant,#Cleopatra_Ant,18,3,3,51,82,13,51
#Charmian_Ant,#Iras_Ant,19,3,3,51,82,13,51
#Cleopatra_Ant,#Iras_Ant,18,3,3,51,82,13,51
#Antony_JC,#Octavia_Ant,2,3,4,52,298,41,52
#Enobarbus_Ant,#Eros_Ant,0,3,5,53,173,27,53
#Agrippa_Ant,#Maecenas_Ant,5,3,6,54,283,44,54
#Octavius_JC,#Agrippa_Ant,4,3,6,54,283,44,54
#Octavius_JC,#Maecenas_Ant,3,3,6,54,283,44,54
#Agrippa_Ant,#ATTENDANTS.OCTAVIA_Ant,0,3,6,55,464,68,55
#Agrippa_Ant,#Maecenas_Ant,6,3,6,55,464,68,55
#Agrippa_Ant,#Octavia_Ant,1,3,6,55,464,68,55
#Maecenas_Ant,#ATTENDANTS.OCTAVIA_Ant,0,3,6,55,464,68,55
#Maecenas_Ant,#Octavia_Ant,0,3,6,55,464,68,55
#Octavia_Ant,#ATTENDANTS.OCTAVIA_Ant,0,3,6,55,464,68,55
#Octavius_JC,#ATTENDANTS.OCTAVIA_Ant,0,3,6,55,464,68,55
#Octavius_JC,#Agrippa_Ant,5,3,6,55,464,68,55
#Octavius_JC,#Maecenas_Ant,4,3,6,55,464,68,55
#Octavius_JC,#Octavia_Ant,2,3,6,55,464,68,55
#Cleopatra_Ant,#Enobarbus_Ant,2,3,7,56,161,23,56
#Antony_JC,#Canidius_Ant,0,3,7,57,267,44,57
#Antony_JC,#Cleopatra_Ant,4,3,7,57,267,44,57
#Antony_JC,#Enobarbus_Ant,7,3,7,57,267,44,57
#Cleopatra_Ant,#Canidius_Ant,0,3,7,57,267,44,57
#Cleopatra_Ant,#Enobarbus_Ant,3,3,7,57,267,44,57
#Enobarbus_Ant,#Canidius_Ant,0,3,7,57,267,44,57
#Antony_JC,#Canidius_Ant,1,3,7,58,15,3,58
#Antony_JC,#Cleopatra_Ant,5,3,7,58,15,3,58
#Antony_JC,#Enobarbus_Ant,8,3,7,58,15,3,58
#Antony_JC,#MESSENGERS.X.3_Ant,0,3,7,58,15,3,58
#Canidius_Ant,#MESSENGERS.X.3_Ant,0,3,7,58,15,3,58
#Cleopatra_Ant,#Canidius_Ant,1,3,7,58,15,3,58
#Cleopatra_Ant,#Enobarbus_Ant,4,3,7,58,15,3,58
#Cleopatra_Ant,#MESSENGERS.X.3_Ant,0,3,7,58,15,3,58
#Enobarbus_Ant,#Canidius_Ant,1,3,7,58,15,3,58
#Enobarbus_Ant,#MESSENGERS.X.3_Ant,0,3,7,58,15,3,58
#Antony_JC,#Canidius_Ant,2,3,7,59,35,5,59
#Antony_JC,#Cleopatra_Ant,6,3,7,59,35,5,59
#Antony_JC,#Enobarbus_Ant,9,3,7,59,35,5,59
#Cleopatra_Ant,#Canidius_Ant,2,3,7,59,35,5,59
#Cleopatra_Ant,#Enobarbus_Ant,5,3,7,59,35,5,59
#Enobarbus_Ant,#Canidius_Ant,2,3,7,59,35,5,59
#Antony_JC,#Canidius_Ant,3,3,7,60,51,8,60
#Antony_JC,#Cleopatra_Ant,7,3,7,60,51,8,60
#Antony_JC,#Enobarbus_Ant,10,3,7,60,51,8,60
#Antony_JC,#SOLDIERS.ANTONY.X.1_Ant,0,3,7,60,51,8,60
#Canidius_Ant,#SOLDIERS.ANTONY.X.1_Ant,0,3,7,60,51,8,60
#Cleopatra_Ant,#Canidius_Ant,3,3,7,60,51,8,60
#Cleopatra_Ant,#Enobarbus_Ant,6,3,7,60,51,8,60
#Cleopatra_Ant,#SOLDIERS.ANTONY.X.1_Ant,0,3,7,60,51,8,60
#Enobarbus_Ant,#Canidius_Ant,3,3,7,60,51,8,60
#Enobarbus_Ant,#SOLDIERS.ANTONY.X.1_Ant,0,3,7,60,51,8,60
#Canidius_Ant,#SOLDIERS.ANTONY.X.1_Ant,1,3,7,61,99,16,61
#Canidius_Ant,#MESSENGERS.X.4_Ant,0,3,7,62,16,3,62
#Canidius_Ant,#SOLDIERS.ANTONY.X.1_Ant,2,3,7,62,16,3,62
#SOLDIERS.ANTONY.X.1_Ant,#MESSENGERS.X.4_Ant,0,3,7,62,16,3,62
#Octavius_JC,#SOLDIERS.CAESAR_Ant,0,3,8,63,32,7,63
#Octavius_JC,#Taurus_Ant,0,3,8,63,32,7,63
#SOLDIERS.CAESAR_Ant,#Taurus_Ant,0,3,8,63,32,7,63
#Antony_JC,#Enobarbus_Ant,11,3,9,64,30,4,64
#Enobarbus_Ant,#Scarus_Ant,0,3,10,66,153,25,66
#Canidius_Ant,#Scarus_Ant,0,3,10,67,63,10,67
#Enobarbus_Ant,#Canidius_Ant,4,3,10,67,63,10,67
#Enobarbus_Ant,#Scarus_Ant,1,3,10,67,63,10,67
#Enobarbus_Ant,#Canidius_Ant,5,3,10,68,19,3,68
#Antony_JC,#ATTENDANTS.ANTONY_Ant,0,3,11,70,203,25,70
#Antony_JC,#ATTENDANTS.ANTONY_Ant,1,3,11,71,353,57,71
#Antony_JC,#Charmian_Ant,4,3,11,71,353,57,71
#Antony_JC,#Cleopatra_Ant,8,3,11,71,353,57,71
#Antony_JC,#Eros_Ant,0,3,11,71,353,57,71
#Antony_JC,#Iras_Ant,4,3,11,71,353,57,71
#Charmian_Ant,#ATTENDANTS.ANTONY_Ant,0,3,11,71,353,57,71
#Charmian_Ant,#Cleopatra_Ant,19,3,11,71,353,57,71
#Charmian_Ant,#Eros_Ant,0,3,11,71,353,57,71
#Charmian_Ant,#Iras_Ant,20,3,11,71,353,57,71
#Cleopatra_Ant,#ATTENDANTS.ANTONY_Ant,0,3,11,71,353,57,71
#Cleopatra_Ant,#Eros_Ant,0,3,11,71,353,57,71
#Cleopatra_Ant,#Iras_Ant,19,3,11,71,353,57,71
#Eros_Ant,#ATTENDANTS.ANTONY_Ant,0,3,11,71,353,57,71
#Iras_Ant,#ATTENDANTS.ANTONY_Ant,0,3,11,71,353,57,71
#Iras_Ant,#Eros_Ant,0,3,11,71,353,57,71
#ATTENDANTS.CAESAR_Ant,#Dolabella_Ant,0,3,12,72,42,7,72
#ATTENDANTS.CAESAR_Ant,#Thidias_Ant,0,3,12,72,42,7,72
#Agrippa_Ant,#ATTENDANTS.CAESAR_Ant,0,3,12,72,42,7,72
#Agrippa_Ant,#Dolabella_Ant,0,3,12,72,42,7,72
#Agrippa_Ant,#Thidias_Ant,0,3,12,72,42,7,72
#Dolabella_Ant,#Thidias_Ant,0,3,12,72,42,7,72
#Octavius_JC,#ATTENDANTS.CAESAR_Ant,0,3,12,72,42,7,72
#Octavius_JC,#Agrippa_Ant,6,3,12,72,42,7,72
#Octavius_JC,#Dolabella_Ant,0,3,12,72,42,7,72
#Octavius_JC,#Thidias_Ant,0,3,12,72,42,7,72
#ATTENDANTS.CAESAR_Ant,#Ambassador_Ant,0,3,12,73,158,23,73
#ATTENDANTS.CAESAR_Ant,#Dolabella_Ant,1,3,12,73,158,23,73
#ATTENDANTS.CAESAR_Ant,#Thidias_Ant,1,3,12,73,158,23,73
#Agrippa_Ant,#ATTENDANTS.CAESAR_Ant,1,3,12,73,158,23,73
#Agrippa_Ant,#Ambassador_Ant,0,3,12,73,158,23,73
#Agrippa_Ant,#Dolabella_Ant,1,3,12,73,158,23,73
#Agrippa_Ant,#Thidias_Ant,1,3,12,73,158,23,73
#Dolabella_Ant,#Ambassador_Ant,0,3,12,73,158,23,73
#Dolabella_Ant,#Thidias_Ant,1,3,12,73,158,23,73
#Octavius_JC,#ATTENDANTS.CAESAR_Ant,1,3,12,73,158,23,73
#Octavius_JC,#Agrippa_Ant,7,3,12,73,158,23,73
#Octavius_JC,#Ambassador_Ant,0,3,12,73,158,23,73
#Octavius_JC,#Dolabella_Ant,1,3,12,73,158,23,73
#Octavius_JC,#Thidias_Ant,1,3,12,73,158,23,73
#Thidias_Ant,#Ambassador_Ant,0,3,12,73,158,23,73
#ATTENDANTS.CAESAR_Ant,#Dolabella_Ant,2,3,12,74,84,14,74
#ATTENDANTS.CAESAR_Ant,#Thidias_Ant,2,3,12,74,84,14,74
#Agrippa_Ant,#ATTENDANTS.CAESAR_Ant,2,3,12,74,84,14,74
#Agrippa_Ant,#Dolabella_Ant,2,3,12,74,84,14,74
#Agrippa_Ant,#Thidias_Ant,2,3,12,74,84,14,74
#Dolabella_Ant,#Thidias_Ant,2,3,12,74,84,14,74
#Octavius_JC,#ATTENDANTS.CAESAR_Ant,2,3,12,74,84,14,74
#Octavius_JC,#Agrippa_Ant,8,3,12,74,84,14,74
#Octavius_JC,#Dolabella_Ant,2,3,12,74,84,14,74
#Octavius_JC,#Thidias_Ant,2,3,12,74,84,14,74
#Charmian_Ant,#Cleopatra_Ant,20,3,13,75,96,14,75
#Charmian_Ant,#Enobarbus_Ant,3,3,13,75,96,14,75
#Charmian_Ant,#Iras_Ant,21,3,13,75,96,14,75
#Cleopatra_Ant,#Enobarbus_Ant,7,3,13,75,96,14,75
#Cleopatra_Ant,#Iras_Ant,20,3,13,75,96,14,75
#Iras_Ant,#Enobarbus_Ant,3,3,13,75,96,14,75
#Antony_JC,#Ambassador_Ant,0,3,13,76,120,20,76
#Antony_JC,#Charmian_Ant,5,3,13,76,120,20,76
#Antony_JC,#Cleopatra_Ant,9,3,13,76,120,20,76
#Antony_JC,#Enobarbus_Ant,12,3,13,76,120,20,76
#Antony_JC,#Iras_Ant,5,3,13,76,120,20,76
#Charmian_Ant,#Ambassador_Ant,0,3,13,76,120,20,76
#Charmian_Ant,#Cleopatra_Ant,21,3,13,76,120,20,76
#Charmian_Ant,#Enobarbus_Ant,4,3,13,76,120,20,76
#Charmian_Ant,#Iras_Ant,22,3,13,76,120,20,76
#Cleopatra_Ant,#Ambassador_Ant,0,3,13,76,120,20,76
#Cleopatra_Ant,#Enobarbus_Ant,8,3,13,76,120,20,76
#Cleopatra_Ant,#Iras_Ant,21,3,13,76,120,20,76
#Enobarbus_Ant,#Ambassador_Ant,0,3,13,76,120,20,76
#Iras_Ant,#Ambassador_Ant,0,3,13,76,120,20,76
#Iras_Ant,#Enobarbus_Ant,4,3,13,76,120,20,76
#Charmian_Ant,#Cleopatra_Ant,22,3,13,77,63,9,77
#Charmian_Ant,#Enobarbus_Ant,5,3,13,77,63,9,77
#Charmian_Ant,#Iras_Ant,23,3,13,77,63,9,77
#Cleopatra_Ant,#Enobarbus_Ant,9,3,13,77,63,9,77
#Cleopatra_Ant,#Iras_Ant,22,3,13,77,63,9,77
#Iras_Ant,#Enobarbus_Ant,5,3,13,77,63,9,77
#Charmian_Ant,#Cleopatra_Ant,23,3,13,78,28,4,78
#Charmian_Ant,#Enobarbus_Ant,6,3,13,78,28,4,78
#Charmian_Ant,#Iras_Ant,24,3,13,78,28,4,78
#Charmian_Ant,#SERVANTS.X.1_Ant,0,3,13,78,28,4,78
#Cleopatra_Ant,#Enobarbus_Ant,10,3,13,78,28,4,78
#Cleopatra_Ant,#Iras_Ant,23,3,13,78,28,4,78
#Cleopatra_Ant,#SERVANTS.X.1_Ant,0,3,13,78,28,4,78
#Enobarbus_Ant,#SERVANTS.X.1_Ant,0,3,13,78,28,4,78
#Iras_Ant,#Enobarbus_Ant,6,3,13,78,28,4,78
#Iras_Ant,#SERVANTS.X.1_Ant,0,3,13,78,28,4,78
#Charmian_Ant,#Cleopatra_Ant,24,3,13,79,46,6,79
#Charmian_Ant,#Enobarbus_Ant,7,3,13,79,46,6,79
#Charmian_Ant,#Iras_Ant,25,3,13,79,46,6,79
#Cleopatra_Ant,#Enobarbus_Ant,11,3,13,79,46,6,79
#Cleopatra_Ant,#Iras_Ant,24,3,13,79,46,6,79
#Iras_Ant,#Enobarbus_Ant,7,3,13,79,46,6,79
#Charmian_Ant,#Cleopatra_Ant,25,3,13,80,156,26,80
#Charmian_Ant,#Enobarbus_Ant,8,3,13,80,156,26,80
#Charmian_Ant,#Iras_Ant,26,3,13,80,156,26,80
#Charmian_Ant,#Thidias_Ant,0,3,13,80,156,26,80
#Cleopatra_Ant,#Enobarbus_Ant,12,3,13,80,156,26,80
#Cleopatra_Ant,#Iras_Ant,25,3,13,80,156,26,80
#Cleopatra_Ant,#Thidias_Ant,0,3,13,80,156,26,80
#Enobarbus_Ant,#Thidias_Ant,0,3,13,80,156,26,80
#Iras_Ant,#Enobarbus_Ant,8,3,13,80,156,26,80
#Iras_Ant,#Thidias_Ant,0,3,13,80,156,26,80
#Charmian_Ant,#Cleopatra_Ant,26,3,13,81,165,25,81
#Charmian_Ant,#Iras_Ant,27,3,13,81,165,25,81
#Charmian_Ant,#Thidias_Ant,1,3,13,81,165,25,81
#Cleopatra_Ant,#Iras_Ant,26,3,13,81,165,25,81
#Cleopatra_Ant,#Thidias_Ant,1,3,13,81,165,25,81
#Iras_Ant,#Thidias_Ant,1,3,13,81,165,25,81
#Antony_JC,#Charmian_Ant,6,3,13,82,69,12,82
#Antony_JC,#Cleopatra_Ant,10,3,13,82,69,12,82
#Antony_JC,#Enobarbus_Ant,13,3,13,82,69,12,82
#Antony_JC,#Iras_Ant,6,3,13,82,69,12,82
#Antony_JC,#Thidias_Ant,0,3,13,82,69,12,82
#Charmian_Ant,#Cleopatra_Ant,27,3,13,82,69,12,82
#Charmian_Ant,#Enobarbus_Ant,9,3,13,82,69,12,82
#Charmian_Ant,#Iras_Ant,28,3,13,82,69,12,82
#Charmian_Ant,#Thidias_Ant,2,3,13,82,69,12,82
#Cleopatra_Ant,#Enobarbus_Ant,13,3,13,82,69,12,82
#Cleopatra_Ant,#Iras_Ant,27,3,13,82,69,12,82
#Cleopatra_Ant,#Thidias_Ant,2,3,13,82,69,12,82
#Enobarbus_Ant,#Thidias_Ant,1,3,13,82,69,12,82
#Iras_Ant,#Enobarbus_Ant,9,3,13,82,69,12,82
#Iras_Ant,#Thidias_Ant,2,3,13,82,69,12,82
#Antony_JC,#Charmian_Ant,7,3,13,83,97,15,83
#Antony_JC,#Cleopatra_Ant,11,3,13,83,97,15,83
#Antony_JC,#Enobarbus_Ant,14,3,13,83,97,15,83
#Antony_JC,#Iras_Ant,7,3,13,83,97,15,83
#Antony_JC,#SERVANTS_Ant,1,3,13,83,97,15,83
#Antony_JC,#Thidias_Ant,1,3,13,83,97,15,83
#Charmian_Ant,#Cleopatra_Ant,28,3,13,83,97,15,83
#Charmian_Ant,#Enobarbus_Ant,10,3,13,83,97,15,83
#Charmian_Ant,#Iras_Ant,29,3,13,83,97,15,83
#Charmian_Ant,#SERVANTS_Ant,0,3,13,83,97,15,83
#Charmian_Ant,#Thidias_Ant,3,3,13,83,97,15,83
#Cleopatra_Ant,#Enobarbus_Ant,14,3,13,83,97,15,83
#Cleopatra_Ant,#Iras_Ant,28,3,13,83,97,15,83
#Cleopatra_Ant,#SERVANTS_Ant,0,3,13,83,97,15,83
#Cleopatra_Ant,#Thidias_Ant,3,3,13,83,97,15,83
#Enobarbus_Ant,#SERVANTS_Ant,1,3,13,83,97,15,83
#Enobarbus_Ant,#Thidias_Ant,2,3,13,83,97,15,83
#Iras_Ant,#Enobarbus_Ant,10,3,13,83,97,15,83
#Iras_Ant,#SERVANTS_Ant,0,3,13,83,97,15,83
#Iras_Ant,#Thidias_Ant,3,3,13,83,97,15,83
#SERVANTS_Ant,#Thidias_Ant,0,3,13,83,97,15,83
#Antony_JC,#Charmian_Ant,8,3,13,84,214,31,84
#Antony_JC,#Cleopatra_Ant,12,3,13,84,214,31,84
#Antony_JC,#Enobarbus_Ant,15,3,13,84,214,31,84
#Antony_JC,#Iras_Ant,8,3,13,84,214,31,84
#Charmian_Ant,#Cleopatra_Ant,29,3,13,84,214,31,84
#Charmian_Ant,#Enobarbus_Ant,11,3,13,84,214,31,84
#Charmian_Ant,#Iras_Ant,30,3,13,84,214,31,84
#Cleopatra_Ant,#Enobarbus_Ant,15,3,13,84,214,31,84
#Cleopatra_Ant,#Iras_Ant,29,3,13,84,214,31,84
#Iras_Ant,#Enobarbus_Ant,11,3,13,84,214,31,84
#Antony_JC,#Charmian_Ant,9,3,13,85,177,24,85
#Antony_JC,#Cleopatra_Ant,13,3,13,85,177,24,85
#Antony_JC,#Enobarbus_Ant,16,3,13,85,177,24,85
#Antony_JC,#Iras_Ant,9,3,13,85,177,24,85
#Antony_JC,#SERVANTS.X.2_Ant,0,3,13,85,177,24,85
#Antony_JC,#Thidias_Ant,2,3,13,85,177,24,85
#Charmian_Ant,#Cleopatra_Ant,30,3,13,85,177,24,85
#Charmian_Ant,#Enobarbus_Ant,12,3,13,85,177,24,85
#Charmian_Ant,#Iras_Ant,31,3,13,85,177,24,85
#Charmian_Ant,#SERVANTS.X.2_Ant,0,3,13,85,177,24,85
#Charmian_Ant,#Thidias_Ant,4,3,13,85,177,24,85
#Cleopatra_Ant,#Enobarbus_Ant,16,3,13,85,177,24,85
#Cleopatra_Ant,#Iras_Ant,30,3,13,85,177,24,85
#Cleopatra_Ant,#SERVANTS.X.2_Ant,0,3,13,85,177,24,85
#Cleopatra_Ant,#Thidias_Ant,4,3,13,85,177,24,85
#Enobarbus_Ant,#SERVANTS.X.2_Ant,0,3,13,85,177,24,85
#Enobarbus_Ant,#Thidias_Ant,3,3,13,85,177,24,85
#Iras_Ant,#Enobarbus_Ant,12,3,13,85,177,24,85
#Iras_Ant,#SERVANTS.X.2_Ant,0,3,13,85,177,24,85
#Iras_Ant,#Thidias_Ant,4,3,13,85,177,24,85
#Thidias_Ant,#SERVANTS.X.2_Ant,0,3,13,85,177,24,85
#Antony_JC,#Charmian_Ant,10,3,13,86,340,49,86
#Antony_JC,#Cleopatra_Ant,14,3,13,86,340,49,86
#Antony_JC,#Enobarbus_Ant,17,3,13,86,340,49,86
#Antony_JC,#Iras_Ant,10,3,13,86,340,49,86
#Antony_JC,#SERVANTS.X.2_Ant,1,3,13,86,340,49,86
#Charmian_Ant,#Cleopatra_Ant,31,3,13,86,340,49,86
#Charmian_Ant,#Enobarbus_Ant,13,3,13,86,340,49,86
#Charmian_Ant,#Iras_Ant,32,3,13,86,340,49,86
#Charmian_Ant,#SERVANTS.X.2_Ant,1,3,13,86,340,49,86
#Cleopatra_Ant,#Enobarbus_Ant,17,3,13,86,340,49,86
#Cleopatra_Ant,#Iras_Ant,31,3,13,86,340,49,86
#Cleopatra_Ant,#SERVANTS.X.2_Ant,1,3,13,86,340,49,86
#Enobarbus_Ant,#SERVANTS.X.2_Ant,1,3,13,86,340,49,86
#Iras_Ant,#Enobarbus_Ant,13,3,13,86,340,49,86
#Iras_Ant,#SERVANTS.X.2_Ant,1,3,13,86,340,49,86
#Agrippa_Ant,#Maecenas_Ant,7,4,1,88,136,19,88
#Agrippa_Ant,#SOLDIERS.CAESAR_Ant,0,4,1,88,136,19,88
#Maecenas_Ant,#SOLDIERS.CAESAR_Ant,0,4,1,88,136,19,88
#Octavius_JC,#Agrippa_Ant,9,4,1,88,136,19,88
#Octavius_JC,#Maecenas_Ant,5,4,1,88,136,19,88
#Octavius_JC,#SOLDIERS.CAESAR_Ant,1,4,1,88,136,19,88
#Antony_JC,#ATTENDANTS_Ant,0,4,2,89,70,12,89
#Antony_JC,#Charmian_Ant,11,4,2,89,70,12,89
#Antony_JC,#Cleopatra_Ant,15,4,2,89,70,12,89
#Antony_JC,#Enobarbus_Ant,18,4,2,89,70,12,89
#Antony_JC,#Iras_Ant,11,4,2,89,70,12,89
#Charmian_Ant,#ATTENDANTS_Ant,0,4,2,89,70,12,89
#Charmian_Ant,#Cleopatra_Ant,32,4,2,89,70,12,89
#Charmian_Ant,#Enobarbus_Ant,14,4,2,89,70,12,89
#Charmian_Ant,#Iras_Ant,33,4,2,89,70,12,89
#Cleopatra_Ant,#ATTENDANTS_Ant,0,4,2,89,70,12,89
#Cleopatra_Ant,#Enobarbus_Ant,18,4,2,89,70,12,89
#Cleopatra_Ant,#Iras_Ant,32,4,2,89,70,12,89
#Enobarbus_Ant,#ATTENDANTS_Ant,0,4,2,89,70,12,89
#Iras_Ant,#ATTENDANTS_Ant,0,4,2,89,70,12,89
#Iras_Ant,#Enobarbus_Ant,14,4,2,89,70,12,89
#ATTENDANTS_Ant,#SERVANTS.ANTONY_Ant,0,4,2,90,87,14,90
#Antony_JC,#ATTENDANTS_Ant,1,4,2,90,87,14,90
#Antony_JC,#Charmian_Ant,12,4,2,90,87,14,90
#Antony_JC,#Cleopatra_Ant,16,4,2,90,87,14,90
#Antony_JC,#Enobarbus_Ant,19,4,2,90,87,14,90
#Antony_JC,#Iras_Ant,12,4,2,90,87,14,90
#Antony_JC,#SERVANTS.ANTONY_Ant,0,4,2,90,87,14,90
#Charmian_Ant,#ATTENDANTS_Ant,1,4,2,90,87,14,90
#Charmian_Ant,#Cleopatra_Ant,33,4,2,90,87,14,90
#Charmian_Ant,#Enobarbus_Ant,15,4,2,90,87,14,90
#Charmian_Ant,#Iras_Ant,34,4,2,90,87,14,90
#Charmian_Ant,#SERVANTS.ANTONY_Ant,0,4,2,90,87,14,90
#Cleopatra_Ant,#ATTENDANTS_Ant,1,4,2,90,87,14,90
#Cleopatra_Ant,#Enobarbus_Ant,19,4,2,90,87,14,90
#Cleopatra_Ant,#Iras_Ant,33,4,2,90,87,14,90
#Cleopatra_Ant,#SERVANTS.ANTONY_Ant,0,4,2,90,87,14,90
#Enobarbus_Ant,#ATTENDANTS_Ant,1,4,2,90,87,14,90
#Enobarbus_Ant,#SERVANTS.ANTONY_Ant,0,4,2,90,87,14,90
#Iras_Ant,#ATTENDANTS_Ant,1,4,2,90,87,14,90
#Iras_Ant,#Enobarbus_Ant,15,4,2,90,87,14,90
#Iras_Ant,#SERVANTS.ANTONY_Ant,0,4,2,90,87,14,90
#ATTENDANTS_Ant,#SERVANTS.ANTONY_Ant,1,4,2,91,219,32,91
#Antony_JC,#ATTENDANTS_Ant,2,4,2,91,219,32,91
#Antony_JC,#Charmian_Ant,13,4,2,91,219,32,91
#Antony_JC,#Cleopatra_Ant,17,4,2,91,219,32,91
#Antony_JC,#Enobarbus_Ant,20,4,2,91,219,32,91
#Antony_JC,#Iras_Ant,13,4,2,91,219,32,91
#Antony_JC,#SERVANTS.ANTONY_Ant,1,4,2,91,219,32,91
#Antony_JC,#SERVANTS_Ant,2,4,2,91,219,32,91
#Charmian_Ant,#ATTENDANTS_Ant,2,4,2,91,219,32,91
#Charmian_Ant,#Cleopatra_Ant,34,4,2,91,219,32,91
#Charmian_Ant,#Enobarbus_Ant,16,4,2,91,219,32,91
#Charmian_Ant,#Iras_Ant,35,4,2,91,219,32,91
#Charmian_Ant,#SERVANTS.ANTONY_Ant,1,4,2,91,219,32,91
#Charmian_Ant,#SERVANTS_Ant,1,4,2,91,219,32,91
#Cleopatra_Ant,#ATTENDANTS_Ant,2,4,2,91,219,32,91
#Cleopatra_Ant,#Enobarbus_Ant,20,4,2,91,219,32,91
#Cleopatra_Ant,#Iras_Ant,34,4,2,91,219,32,91
#Cleopatra_Ant,#SERVANTS.ANTONY_Ant,1,4,2,91,219,32,91
#Cleopatra_Ant,#SERVANTS_Ant,1,4,2,91,219,32,91
#Enobarbus_Ant,#ATTENDANTS_Ant,2,4,2,91,219,32,91
#Enobarbus_Ant,#SERVANTS.ANTONY_Ant,1,4,2,91,219,32,91
#Enobarbus_Ant,#SERVANTS_Ant,2,4,2,91,219,32,91
#Iras_Ant,#ATTENDANTS_Ant,2,4,2,91,219,32,91
#Iras_Ant,#Enobarbus_Ant,16,4,2,91,219,32,91
#Iras_Ant,#SERVANTS.ANTONY_Ant,1,4,2,91,219,32,91
#Iras_Ant,#SERVANTS_Ant,1,4,2,91,219,32,91
#SERVANTS_Ant,#ATTENDANTS_Ant,0,4,2,91,219,32,91
#SERVANTS_Ant,#SERVANTS.ANTONY_Ant,0,4,2,91,219,32,91
#SOLDIERS.ANTONY.0.1_Ant,#SOLDIERS.ANTONY_Ant,0,4,3,92,6,1,92
#SOLDIERS.ANTONY.0.1_Ant,#SOLDIERS.ANTONY.0.2_Ant,0,4,3,93,30,5,93
#SOLDIERS.ANTONY.0.1_Ant,#SOLDIERS.ANTONY_Ant,1,4,3,93,30,5,93
#SOLDIERS.ANTONY_Ant,#SOLDIERS.ANTONY.0.2_Ant,0,4,3,93,30,5,93
#SOLDIERS.ANTONY.0.1_Ant,#SOLDIERS.ANTONY.0.2_Ant,1,4,3,94,4,1,94
#SOLDIERS.ANTONY.0.1_Ant,#SOLDIERS.ANTONY.0_Ant,0,4,3,94,4,1,94
#SOLDIERS.ANTONY.0.1_Ant,#SOLDIERS.ANTONY_Ant,2,4,3,94,4,1,94
#SOLDIERS.ANTONY.0.2_Ant,#SOLDIERS.ANTONY.0_Ant,0,4,3,94,4,1,94
#SOLDIERS.ANTONY_Ant,#SOLDIERS.ANTONY.0.2_Ant,1,4,3,94,4,1,94
#SOLDIERS.ANTONY_Ant,#SOLDIERS.ANTONY.0_Ant,0,4,3,94,4,1,94
#SOLDIERS.ANTONY.0.1_Ant,#SOLDIERS.ANTONY.0.2_Ant,2,4,3,95,43,10,95
#SOLDIERS.ANTONY.0.1_Ant,#SOLDIERS.ANTONY.0.3_Ant,0,4,3,95,43,10,95
#SOLDIERS.ANTONY.0.1_Ant,#SOLDIERS.ANTONY.0_Ant,1,4,3,95,43,10,95
#SOLDIERS.ANTONY.0.1_Ant,#SOLDIERS.ANTONY_Ant,3,4,3,95,43,10,95
#SOLDIERS.ANTONY.0.2_Ant,#SOLDIERS.ANTONY.0.3_Ant,0,4,3,95,43,10,95
#SOLDIERS.ANTONY.0.2_Ant,#SOLDIERS.ANTONY.0_Ant,1,4,3,95,43,10,95
#SOLDIERS.ANTONY.0_Ant,#SOLDIERS.ANTONY.0.3_Ant,0,4,3,95,43,10,95
#SOLDIERS.ANTONY_Ant,#SOLDIERS.ANTONY.0.2_Ant,2,4,3,95,43,10,95
#SOLDIERS.ANTONY_Ant,#SOLDIERS.ANTONY.0.3_Ant,0,4,3,95,43,10,95
#SOLDIERS.ANTONY_Ant,#SOLDIERS.ANTONY.0_Ant,1,4,3,95,43,10,95
#SOLDIERS.ANTONY.0.1_Ant,#SOLDIERS.ANTONY.0.2_Ant,3,4,3,96,77,14,96
#SOLDIERS.ANTONY.0.1_Ant,#SOLDIERS.ANTONY.0.3_Ant,1,4,3,96,77,14,96
#SOLDIERS.ANTONY.0.1_Ant,#SOLDIERS.ANTONY.0.4_Ant,0,4,3,96,77,14,96
#SOLDIERS.ANTONY.0.1_Ant,#SOLDIERS.ANTONY.0_Ant,2,4,3,96,77,14,96
#SOLDIERS.ANTONY.0.1_Ant,#SOLDIERS.ANTONY_Ant,4,4,3,96,77,14,96
#SOLDIERS.ANTONY.0.2_Ant,#SOLDIERS.ANTONY.0.3_Ant,1,4,3,96,77,14,96
#SOLDIERS.ANTONY.0.2_Ant,#SOLDIERS.ANTONY.0.4_Ant,0,4,3,96,77,14,96
#SOLDIERS.ANTONY.0.2_Ant,#SOLDIERS.ANTONY.0_Ant,2,4,3,96,77,14,96
#SOLDIERS.ANTONY.0.3_Ant,#SOLDIERS.ANTONY.0.4_Ant,0,4,3,96,77,14,96
#SOLDIERS.ANTONY.0_Ant,#SOLDIERS.ANTONY.0.3_Ant,1,4,3,96,77,14,96
#SOLDIERS.ANTONY.0_Ant,#SOLDIERS.ANTONY.0.4_Ant,0,4,3,96,77,14,96
#SOLDIERS.ANTONY_Ant,#SOLDIERS.ANTONY.0.2_Ant,3,4,3,96,77,14,96
#SOLDIERS.ANTONY_Ant,#SOLDIERS.ANTONY.0.3_Ant,1,4,3,96,77,14,96
#SOLDIERS.ANTONY_Ant,#SOLDIERS.ANTONY.0.4_Ant,0,4,3,96,77,14,96
#SOLDIERS.ANTONY_Ant,#SOLDIERS.ANTONY.0_Ant,2,4,3,96,77,14,96
#Antony_JC,#ATTENDANTS_Ant,3,4,4,97,15,3,97
#Antony_JC,#Charmian_Ant,14,4,4,97,15,3,97
#Antony_JC,#Cleopatra_Ant,18,4,4,97,15,3,97
#Charmian_Ant,#ATTENDANTS_Ant,3,4,4,97,15,3,97
#Charmian_Ant,#Cleopatra_Ant,35,4,4,97,15,3,97
#Cleopatra_Ant,#ATTENDANTS_Ant,3,4,4,97,15,3,97
#Antony_JC,#ATTENDANTS_Ant,4,4,4,98,130,21,98
#Antony_JC,#Charmian_Ant,15,4,4,98,130,21,98
#Antony_JC,#Cleopatra_Ant,19,4,4,98,130,21,98
#Antony_JC,#Eros_Ant,1,4,4,98,130,21,98
#Charmian_Ant,#ATTENDANTS_Ant,4,4,4,98,130,21,98
#Charmian_Ant,#Cleopatra_Ant,36,4,4,98,130,21,98
#Charmian_Ant,#Eros_Ant,1,4,4,98,130,21,98
#Cleopatra_Ant,#ATTENDANTS_Ant,4,4,4,98,130,21,98
#Cleopatra_Ant,#Eros_Ant,1,4,4,98,130,21,98
#Eros_Ant,#ATTENDANTS_Ant,0,4,4,98,130,21,98
#ATTENDANTS_Ant,#SOLDIERS.ANTONY.X.2_Ant,0,4,4,99,46,7,99
#Antony_JC,#ATTENDANTS_Ant,5,4,4,99,46,7,99
#Antony_JC,#Charmian_Ant,16,4,4,99,46,7,99
#Antony_JC,#Cleopatra_Ant,20,4,4,99,46,7,99
#Antony_JC,#Eros_Ant,2,4,4,99,46,7,99
#Antony_JC,#SOLDIERS.ANTONY.X.2_Ant,0,4,4,99,46,7,99
#Charmian_Ant,#ATTENDANTS_Ant,5,4,4,99,46,7,99
#Charmian_Ant,#Cleopatra_Ant,37,4,4,99,46,7,99
#Charmian_Ant,#Eros_Ant,2,4,4,99,46,7,99
#Charmian_Ant,#SOLDIERS.ANTONY.X.2_Ant,0,4,4,99,46,7,99
#Cleopatra_Ant,#ATTENDANTS_Ant,5,4,4,99,46,7,99
#Cleopatra_Ant,#Eros_Ant,2,4,4,99,46,7,99
#Cleopatra_Ant,#SOLDIERS.ANTONY.X.2_Ant,0,4,4,99,46,7,99
#Eros_Ant,#ATTENDANTS_Ant,1,4,4,99,46,7,99
#Eros_Ant,#SOLDIERS.ANTONY.X.2_Ant,0,4,4,99,46,7,99
#ATTENDANTS_Ant,#CAPTAINS.0.1_Ant,0,4,4,100,88,13,100
#ATTENDANTS_Ant,#SOLDIERS.ANTONY.X.2_Ant,1,4,4,100,88,13,100
#ATTENDANTS_Ant,#SOLDIERS.ANTONY_Ant,0,4,4,100,88,13,100
#Antony_JC,#ATTENDANTS_Ant,6,4,4,100,88,13,100
#Antony_JC,#CAPTAINS.0.1_Ant,0,4,4,100,88,13,100
#Antony_JC,#CAPTAINS_Ant,1,4,4,100,88,13,100
#Antony_JC,#Charmian_Ant,17,4,4,100,88,13,100
#Antony_JC,#Cleopatra_Ant,21,4,4,100,88,13,100
#Antony_JC,#Eros_Ant,3,4,4,100,88,13,100
#Antony_JC,#SOLDIERS.ANTONY.X.2_Ant,1,4,4,100,88,13,100
#Antony_JC,#SOLDIERS.ANTONY_Ant,0,4,4,100,88,13,100
#CAPTAINS_Ant,#ATTENDANTS_Ant,0,4,4,100,88,13,100
#CAPTAINS_Ant,#CAPTAINS.0.1_Ant,0,4,4,100,88,13,100
#CAPTAINS_Ant,#Eros_Ant,0,4,4,100,88,13,100
#CAPTAINS_Ant,#SOLDIERS.ANTONY.X.2_Ant,0,4,4,100,88,13,100
#CAPTAINS_Ant,#SOLDIERS.ANTONY_Ant,0,4,4,100,88,13,100
#Charmian_Ant,#ATTENDANTS_Ant,6,4,4,100,88,13,100
#Charmian_Ant,#CAPTAINS.0.1_Ant,0,4,4,100,88,13,100
#Charmian_Ant,#CAPTAINS_Ant,0,4,4,100,88,13,100
#Charmian_Ant,#Cleopatra_Ant,38,4,4,100,88,13,100
#Charmian_Ant,#Eros_Ant,3,4,4,100,88,13,100
#Charmian_Ant,#SOLDIERS.ANTONY.X.2_Ant,1,4,4,100,88,13,100
#Charmian_Ant,#SOLDIERS.ANTONY_Ant,0,4,4,100,88,13,100
#Cleopatra_Ant,#ATTENDANTS_Ant,6,4,4,100,88,13,100
#Cleopatra_Ant,#CAPTAINS.0.1_Ant,0,4,4,100,88,13,100
#Cleopatra_Ant,#CAPTAINS_Ant,0,4,4,100,88,13,100
#Cleopatra_Ant,#Eros_Ant,3,4,4,100,88,13,100
#Cleopatra_Ant,#SOLDIERS.ANTONY.X.2_Ant,1,4,4,100,88,13,100
#Cleopatra_Ant,#SOLDIERS.ANTONY_Ant,0,4,4,100,88,13,100
#Eros_Ant,#ATTENDANTS_Ant,2,4,4,100,88,13,100
#Eros_Ant,#CAPTAINS.0.1_Ant,0,4,4,100,88,13,100
#Eros_Ant,#SOLDIERS.ANTONY.X.2_Ant,1,4,4,100,88,13,100
#Eros_Ant,#SOLDIERS.ANTONY_Ant,0,4,4,100,88,13,100
#SOLDIERS.ANTONY.X.2_Ant,#CAPTAINS.0.1_Ant,0,4,4,100,88,13,100
#SOLDIERS.ANTONY_Ant,#CAPTAINS.0.1_Ant,0,4,4,100,88,13,100
#SOLDIERS.ANTONY_Ant,#SOLDIERS.ANTONY.X.2_Ant,0,4,4,100,88,13,100
#ATTENDANTS_Ant,#CAPTAINS.0.1_Ant,1,4,4,101,30,5,101
#Charmian_Ant,#ATTENDANTS_Ant,7,4,4,101,30,5,101
#Charmian_Ant,#CAPTAINS.0.1_Ant,1,4,4,101,30,5,101
#Charmian_Ant,#Cleopatra_Ant,39,4,4,101,30,5,101
#Cleopatra_Ant,#ATTENDANTS_Ant,7,4,4,101,30,5,101
#Cleopatra_Ant,#CAPTAINS.0.1_Ant,1,4,4,101,30,5,101
#Antony_JC,#Eros_Ant,4,4,5,102,144,25,102
#Antony_JC,#SOLDIERS.ANTONY.X.3_Ant,0,4,5,102,144,25,102
#Eros_Ant,#SOLDIERS.ANTONY.X.3_Ant,0,4,5,102,144,25,102
#Agrippa_Ant,#Dolabella_Ant,3,4,6,103,21,4,103
#Enobarbus_Ant,#Agrippa_Ant,6,4,6,103,21,4,103
#Enobarbus_Ant,#Dolabella_Ant,0,4,6,103,21,4,103
#Enobarbus_Ant,#Octavius_JC,4,4,6,103,21,4,103
#Octavius_JC,#Agrippa_Ant,10,4,6,103,21,4,103
#Octavius_JC,#Dolabella_Ant,3,4,6,103,21,4,103
#Enobarbus_Ant,#Dolabella_Ant,1,4,6,104,20,3,104
#Enobarbus_Ant,#Octavius_JC,5,4,6,104,20,3,104
#Octavius_JC,#Dolabella_Ant,4,4,6,104,20,3,104
#Dolabella_Ant,#MESSENGERS.X.5_Ant,0,4,6,105,27,6,105
#Enobarbus_Ant,#Dolabella_Ant,2,4,6,105,27,6,105
#Enobarbus_Ant,#MESSENGERS.X.5_Ant,0,4,6,105,27,6,105
#Enobarbus_Ant,#Octavius_JC,6,4,6,105,27,6,105
#Octavius_JC,#Dolabella_Ant,5,4,6,105,27,6,105
#Octavius_JC,#MESSENGERS.X.5_Ant,0,4,6,105,27,6,105
#Enobarbus_Ant,#SOLDIERS.CAESAR.X.1_Ant,0,4,6,107,66,11,107
#Agrippa_Ant,#SOLDIERS.CAESAR_Ant,1,4,7,109,18,3,109
#Antony_JC,#Scarus_Ant,0,4,7,110,59,9,110
#Antony_JC,#Eros_Ant,5,4,7,111,53,9,111
#Antony_JC,#Scarus_Ant,1,4,7,111,53,9,111
#Eros_Ant,#Scarus_Ant,0,4,7,111,53,9,111
#Antony_JC,#SOLDIERS.ANTONY_Ant,1,4,8,112,93,12,112
#Antony_JC,#Scarus_Ant,2,4,8,112,93,12,112
#Scarus_Ant,#SOLDIERS.ANTONY_Ant,0,4,8,112,93,12,112
#Antony_JC,#Cleopatra_Ant,22,4,8,113,228,38,113
#Antony_JC,#SOLDIERS.ANTONY_Ant,2,4,8,113,228,38,113
#Antony_JC,#Scarus_Ant,3,4,8,113,228,38,113
#Cleopatra_Ant,#SOLDIERS.ANTONY_Ant,1,4,8,113,228,38,113
#Cleopatra_Ant,#Scarus_Ant,0,4,8,113,228,38,113
#Scarus_Ant,#SOLDIERS.ANTONY_Ant,1,4,8,113,228,38,113
#Enobarbus_Ant,#WATCHMEN.1_Ant,0,4,9,114,255,41,114
#Enobarbus_Ant,#WATCHMEN.2_Ant,0,4,9,114,255,41,114
#Enobarbus_Ant,#WATCHMEN.Sentry_Ant,0,4,9,114,255,41,114
#WATCHMEN.1_Ant,#WATCHMEN.2_Ant,0,4,9,114,255,41,114
#WATCHMEN.1_Ant,#WATCHMEN.Sentry_Ant,0,4,9,114,255,41,114
#WATCHMEN.2_Ant,#WATCHMEN.Sentry_Ant,0,4,9,114,255,41,114
#Antony_JC,#SOLDIERS.ANTONY_Ant,3,4,10,115,71,10,115
#Antony_JC,#Scarus_Ant,4,4,10,115,71,10,115
#Scarus_Ant,#SOLDIERS.ANTONY_Ant,2,4,10,115,71,10,115
#Octavius_JC,#SOLDIERS.CAESAR_Ant,2,4,11,116,34,4,116
#Antony_JC,#Scarus_Ant,5,4,12,117,24,3,117
#Antony_JC,#Scarus_Ant,6,4,12,119,69,9,119
#Antony_JC,#Cleopatra_Ant,23,4,12,121,68,10,121
#Charmian_Ant,#Cleopatra_Ant,40,4,13,123,84,14,123
#Charmian_Ant,#Iras_Ant,36,4,13,123,84,14,123
#Charmian_Ant,#Mardian_Ant,13,4,13,123,84,14,123
#Cleopatra_Ant,#Iras_Ant,35,4,13,123,84,14,123
#Cleopatra_Ant,#Mardian_Ant,12,4,13,123,84,14,123
#Iras_Ant,#Mardian_Ant,13,4,13,123,84,14,123
#Antony_JC,#Eros_Ant,6,4,14,124,174,26,124
#Antony_JC,#Eros_Ant,7,4,14,125,125,20,125
#Antony_JC,#Mardian_Ant,3,4,14,125,125,20,125
#Mardian_Ant,#Eros_Ant,0,4,14,125,125,20,125
#Antony_JC,#Eros_Ant,8,4,14,126,48,7,126
#Antony_JC,#Eros_Ant,9,4,14,128,402,61,128
#Antony_JC,#Eros_Ant,10,4,14,129,19,3,129
#Antony_JC,#GUARDS.0.1_Ant,0,4,14,129,19,3,129
#Antony_JC,#GUARDS.Dercetus_Ant,0,4,14,129,19,3,129
#Antony_JC,#GUARDS_Ant,0,4,14,129,19,3,129
#Eros_Ant,#GUARDS.0.1_Ant,0,4,14,129,19,3,129
#Eros_Ant,#GUARDS.Dercetus_Ant,0,4,14,129,19,3,129
#Eros_Ant,#GUARDS_Ant,0,4,14,129,19,3,129
#GUARDS.0.1_Ant,#GUARDS.Dercetus_Ant,0,4,14,129,19,3,129
#GUARDS.0.1_Ant,#GUARDS_Ant,0,4,14,129,19,3,129
#GUARDS.Dercetus_Ant,#GUARDS_Ant,0,4,14,129,19,3,129
#Antony_JC,#Eros_Ant,11,4,14,130,25,6,130
#Antony_JC,#GUARDS.0.1_Ant,1,4,14,130,25,6,130
#Antony_JC,#GUARDS.0.2_Ant,0,4,14,130,25,6,130
#Antony_JC,#GUARDS.Dercetus_Ant,1,4,14,130,25,6,130
#Antony_JC,#GUARDS_Ant,1,4,14,130,25,6,130
#Eros_Ant,#GUARDS.0.1_Ant,1,4,14,130,25,6,130
#Eros_Ant,#GUARDS.0.2_Ant,0,4,14,130,25,6,130
#Eros_Ant,#GUARDS.Dercetus_Ant,1,4,14,130,25,6,130
#Eros_Ant,#GUARDS_Ant,1,4,14,130,25,6,130
#GUARDS.0.1_Ant,#GUARDS.0.2_Ant,0,4,14,130,25,6,130
#GUARDS.0.1_Ant,#GUARDS.Dercetus_Ant,1,4,14,130,25,6,130
#GUARDS.0.1_Ant,#GUARDS_Ant,1,4,14,130,25,6,130
#GUARDS.Dercetus_Ant,#GUARDS.0.2_Ant,0,4,14,130,25,6,130
#GUARDS.Dercetus_Ant,#GUARDS_Ant,1,4,14,130,25,6,130
#GUARDS_Ant,#GUARDS.0.2_Ant,0,4,14,130,25,6,130
#Antony_JC,#Eros_Ant,12,4,14,131,2,1,131
#Antony_JC,#GUARDS.0.1_Ant,2,4,14,131,2,1,131
#Antony_JC,#GUARDS.0.2_Ant,1,4,14,131,2,1,131
#Antony_JC,#GUARDS.0.3_Ant,0,4,14,131,2,1,131
#Antony_JC,#GUARDS.Dercetus_Ant,2,4,14,131,2,1,131
#Antony_JC,#GUARDS_Ant,2,4,14,131,2,1,131
#Eros_Ant,#GUARDS.0.1_Ant,2,4,14,131,2,1,131
#Eros_Ant,#GUARDS.0.2_Ant,1,4,14,131,2,1,131
#Eros_Ant,#GUARDS.0.3_Ant,0,4,14,131,2,1,131
#Eros_Ant,#GUARDS.Dercetus_Ant,2,4,14,131,2,1,131
#Eros_Ant,#GUARDS_Ant,2,4,14,131,2,1,131
#GUARDS.0.1_Ant,#GUARDS.0.2_Ant,1,4,14,131,2,1,131
#GUARDS.0.1_Ant,#GUARDS.0.3_Ant,0,4,14,131,2,1,131
#GUARDS.0.1_Ant,#GUARDS.Dercetus_Ant,2,4,14,131,2,1,131
#GUARDS.0.1_Ant,#GUARDS_Ant,2,4,14,131,2,1,131
#GUARDS.0.2_Ant,#GUARDS.0.3_Ant,0,4,14,131,2,1,131
#GUARDS.Dercetus_Ant,#GUARDS.0.2_Ant,1,4,14,131,2,1,131
#GUARDS.Dercetus_Ant,#GUARDS.0.3_Ant,0,4,14,131,2,1,131
#GUARDS.Dercetus_Ant,#GUARDS_Ant,2,4,14,131,2,1,131
#GUARDS_Ant,#GUARDS.0.2_Ant,1,4,14,131,2,1,131
#GUARDS_Ant,#GUARDS.0.3_Ant,0,4,14,131,2,1,131
#Antony_JC,#Eros_Ant,13,4,14,132,22,3,132
#Antony_JC,#GUARDS.0.1_Ant,3,4,14,132,22,3,132
#Antony_JC,#GUARDS.0.2_Ant,2,4,14,132,22,3,132
#Antony_JC,#GUARDS.0.3_Ant,1,4,14,132,22,3,132
#Antony_JC,#GUARDS.Dercetus_Ant,3,4,14,132,22,3,132
#Eros_Ant,#GUARDS.0.1_Ant,3,4,14,132,22,3,132
#Eros_Ant,#GUARDS.0.2_Ant,2,4,14,132,22,3,132
#Eros_Ant,#GUARDS.0.3_Ant,1,4,14,132,22,3,132
#Eros_Ant,#GUARDS.Dercetus_Ant,3,4,14,132,22,3,132
#GUARDS.0.1_Ant,#GUARDS.0.2_Ant,2,4,14,132,22,3,132
#GUARDS.0.1_Ant,#GUARDS.0.3_Ant,1,4,14,132,22,3,132
#GUARDS.0.1_Ant,#GUARDS.Dercetus_Ant,3,4,14,132,22,3,132
#GUARDS.0.2_Ant,#GUARDS.0.3_Ant,1,4,14,132,22,3,132
#GUARDS.Dercetus_Ant,#GUARDS.0.2_Ant,2,4,14,132,22,3,132
#GUARDS.Dercetus_Ant,#GUARDS.0.3_Ant,1,4,14,132,22,3,132
#Antony_JC,#Diomedes_Ant,0,4,14,133,12,3,133
#Antony_JC,#Eros_Ant,14,4,14,133,12,3,133
#Antony_JC,#GUARDS.0.1_Ant,4,4,14,133,12,3,133
#Antony_JC,#GUARDS.0.2_Ant,3,4,14,133,12,3,133
#Antony_JC,#GUARDS.0.3_Ant,2,4,14,133,12,3,133
#Antony_JC,#GUARDS.Dercetus_Ant,4,4,14,133,12,3,133
#Eros_Ant,#Diomedes_Ant,0,4,14,133,12,3,133
#Eros_Ant,#GUARDS.0.1_Ant,4,4,14,133,12,3,133
#Eros_Ant,#GUARDS.0.2_Ant,3,4,14,133,12,3,133
#Eros_Ant,#GUARDS.0.3_Ant,2,4,14,133,12,3,133
#Eros_Ant,#GUARDS.Dercetus_Ant,4,4,14,133,12,3,133
#GUARDS.0.1_Ant,#Diomedes_Ant,0,4,14,133,12,3,133
#GUARDS.0.1_Ant,#GUARDS.0.2_Ant,3,4,14,133,12,3,133
#GUARDS.0.1_Ant,#GUARDS.0.3_Ant,2,4,14,133,12,3,133
#GUARDS.0.1_Ant,#GUARDS.Dercetus_Ant,4,4,14,133,12,3,133
#GUARDS.0.2_Ant,#Diomedes_Ant,0,4,14,133,12,3,133
#GUARDS.0.2_Ant,#GUARDS.0.3_Ant,2,4,14,133,12,3,133
#GUARDS.0.3_Ant,#Diomedes_Ant,0,4,14,133,12,3,133
#GUARDS.Dercetus_Ant,#Diomedes_Ant,0,4,14,133,12,3,133
#GUARDS.Dercetus_Ant,#GUARDS.0.2_Ant,3,4,14,133,12,3,133
#GUARDS.Dercetus_Ant,#GUARDS.0.3_Ant,2,4,14,133,12,3,133
#Antony_JC,#Diomedes_Ant,1,4,14,134,126,20,134
#Antony_JC,#Eros_Ant,15,4,14,134,126,20,134
#Antony_JC,#GUARDS.0.1_Ant,5,4,14,134,126,20,134
#Antony_JC,#GUARDS.0.2_Ant,4,4,14,134,126,20,134
#Antony_JC,#GUARDS.0.3_Ant,3,4,14,134,126,20,134
#Eros_Ant,#Diomedes_Ant,1,4,14,134,126,20,134
#Eros_Ant,#GUARDS.0.1_Ant,5,4,14,134,126,20,134
#Eros_Ant,#GUARDS.0.2_Ant,4,4,14,134,126,20,134
#Eros_Ant,#GUARDS.0.3_Ant,3,4,14,134,126,20,134
#GUARDS.0.1_Ant,#Diomedes_Ant,1,4,14,134,126,20,134
#GUARDS.0.1_Ant,#GUARDS.0.2_Ant,4,4,14,134,126,20,134
#GUARDS.0.1_Ant,#GUARDS.0.3_Ant,3,4,14,134,126,20,134
#GUARDS.0.2_Ant,#Diomedes_Ant,1,4,14,134,126,20,134
#GUARDS.0.2_Ant,#GUARDS.0.3_Ant,3,4,14,134,126,20,134
#GUARDS.0.3_Ant,#Diomedes_Ant,1,4,14,134,126,20,134
#Antony_JC,#Diomedes_Ant,2,4,14,135,86,11,135
#Antony_JC,#Eros_Ant,16,4,14,135,86,11,135
#Antony_JC,#GUARDS.0.1_Ant,6,4,14,135,86,11,135
#Antony_JC,#GUARDS.0.2_Ant,5,4,14,135,86,11,135
#Antony_JC,#GUARDS.0.3_Ant,4,4,14,135,86,11,135
#Antony_JC,#GUARDS_Ant,3,4,14,135,86,11,135
#Eros_Ant,#Diomedes_Ant,2,4,14,135,86,11,135
#Eros_Ant,#GUARDS.0.1_Ant,6,4,14,135,86,11,135
#Eros_Ant,#GUARDS.0.2_Ant,5,4,14,135,86,11,135
#Eros_Ant,#GUARDS.0.3_Ant,4,4,14,135,86,11,135
#Eros_Ant,#GUARDS_Ant,3,4,14,135,86,11,135
#GUARDS.0.1_Ant,#Diomedes_Ant,2,4,14,135,86,11,135
#GUARDS.0.1_Ant,#GUARDS.0.2_Ant,5,4,14,135,86,11,135
#GUARDS.0.1_Ant,#GUARDS.0.3_Ant,4,4,14,135,86,11,135
#GUARDS.0.1_Ant,#GUARDS_Ant,3,4,14,135,86,11,135
#GUARDS.0.2_Ant,#Diomedes_Ant,2,4,14,135,86,11,135
#GUARDS.0.2_Ant,#GUARDS.0.3_Ant,4,4,14,135,86,11,135
#GUARDS.0.3_Ant,#Diomedes_Ant,2,4,14,135,86,11,135
#GUARDS_Ant,#Diomedes_Ant,0,4,14,135,86,11,135
#GUARDS_Ant,#GUARDS.0.2_Ant,2,4,14,135,86,11,135
#GUARDS_Ant,#GUARDS.0.3_Ant,1,4,14,135,86,11,135
#Charmian_Ant,#Cleopatra_Ant,41,4,15,136,44,7,136
#Charmian_Ant,#Iras_Ant,37,4,15,136,44,7,136
#Cleopatra_Ant,#Iras_Ant,36,4,15,136,44,7,136
#Charmian_Ant,#Cleopatra_Ant,42,4,15,137,26,4,137
#Charmian_Ant,#Diomedes_Ant,0,4,15,137,26,4,137
#Charmian_Ant,#Iras_Ant,38,4,15,137,26,4,137
#Cleopatra_Ant,#Diomedes_Ant,0,4,15,137,26,4,137
#Cleopatra_Ant,#Iras_Ant,37,4,15,137,26,4,137
#Iras_Ant,#Diomedes_Ant,0,4,15,137,26,4,137
#Antony_JC,#Charmian_Ant,18,4,15,138,236,35,138
#Antony_JC,#Cleopatra_Ant,24,4,15,138,236,35,138
#Antony_JC,#Diomedes_Ant,3,4,15,138,236,35,138
#Antony_JC,#GUARDS_Ant,4,4,15,138,236,35,138
#Antony_JC,#Iras_Ant,14,4,15,138,236,35,138
#Charmian_Ant,#Cleopatra_Ant,43,4,15,138,236,35,138
#Charmian_Ant,#Diomedes_Ant,1,4,15,138,236,35,138
#Charmian_Ant,#GUARDS_Ant,0,4,15,138,236,35,138
#Charmian_Ant,#Iras_Ant,39,4,15,138,236,35,138
#Cleopatra_Ant,#Diomedes_Ant,1,4,15,138,236,35,138
#Cleopatra_Ant,#GUARDS_Ant,0,4,15,138,236,35,138
#Cleopatra_Ant,#Iras_Ant,38,4,15,138,236,35,138
#GUARDS_Ant,#Diomedes_Ant,1,4,15,138,236,35,138
#Iras_Ant,#Diomedes_Ant,1,4,15,138,236,35,138
#Iras_Ant,#GUARDS_Ant,0,4,15,138,236,35,138
#Antony_JC,#Charmian_Ant,19,4,15,139,398,59,139
#Antony_JC,#Cleopatra_Ant,25,4,15,139,398,59,139
#Antony_JC,#Diomedes_Ant,4,4,15,139,398,59,139
#Antony_JC,#GUARDS_Ant,5,4,15,139,398,59,139
#Antony_JC,#Iras_Ant,15,4,15,139,398,59,139
#Antony_JC,#LADIES_Ant,0,4,15,139,398,59,139
#Charmian_Ant,#Cleopatra_Ant,44,4,15,139,398,59,139
#Charmian_Ant,#Diomedes_Ant,2,4,15,139,398,59,139
#Charmian_Ant,#GUARDS_Ant,1,4,15,139,398,59,139
#Charmian_Ant,#Iras_Ant,40,4,15,139,398,59,139
#Charmian_Ant,#LADIES_Ant,0,4,15,139,398,59,139
#Cleopatra_Ant,#Diomedes_Ant,2,4,15,139,398,59,139
#Cleopatra_Ant,#GUARDS_Ant,1,4,15,139,398,59,139
#Cleopatra_Ant,#Iras_Ant,39,4,15,139,398,59,139
#Cleopatra_Ant,#LADIES_Ant,0,4,15,139,398,59,139
#Diomedes_Ant,#LADIES_Ant,0,4,15,139,398,59,139
#GUARDS_Ant,#Diomedes_Ant,2,4,15,139,398,59,139
#GUARDS_Ant,#LADIES_Ant,0,4,15,139,398,59,139
#Iras_Ant,#Diomedes_Ant,2,4,15,139,398,59,139
#Iras_Ant,#GUARDS_Ant,1,4,15,139,398,59,139
#Iras_Ant,#LADIES_Ant,0,4,15,139,398,59,139
#Agrippa_Ant,#Dolabella_Ant,4,5,1,140,22,4,140
#Agrippa_Ant,#Gallus_Ant,0,5,1,140,22,4,140
#Agrippa_Ant,#Maecenas_Ant,8,5,1,140,22,4,140
#Agrippa_Ant,#Proculeius_Ant,0,5,1,140,22,4,140
#Dolabella_Ant,#Gallus_Ant,0,5,1,140,22,4,140
#Dolabella_Ant,#Proculeius_Ant,0,5,1,140,22,4,140
#Gallus_Ant,#Proculeius_Ant,0,5,1,140,22,4,140
#Maecenas_Ant,#Dolabella_Ant,0,5,1,140,22,4,140
#Maecenas_Ant,#Gallus_Ant,0,5,1,140,22,4,140
#Maecenas_Ant,#Proculeius_Ant,0,5,1,140,22,4,140
#Octavius_JC,#Agrippa_Ant,11,5,1,140,22,4,140
#Octavius_JC,#Dolabella_Ant,6,5,1,140,22,4,140
#Octavius_JC,#Gallus_Ant,0,5,1,140,22,4,140
#Octavius_JC,#Maecenas_Ant,6,5,1,140,22,4,140
#Octavius_JC,#Proculeius_Ant,0,5,1,140,22,4,140
#Agrippa_Ant,#GUARDS.Dercetus_Ant,0,5,1,141,375,53,141
#Agrippa_Ant,#Gallus_Ant,1,5,1,141,375,53,141
#Agrippa_Ant,#Maecenas_Ant,9,5,1,141,375,53,141
#Agrippa_Ant,#Proculeius_Ant,1,5,1,141,375,53,141
#GUARDS.Dercetus_Ant,#Gallus_Ant,0,5,1,141,375,53,141
#GUARDS.Dercetus_Ant,#Proculeius_Ant,0,5,1,141,375,53,141
#Gallus_Ant,#Proculeius_Ant,1,5,1,141,375,53,141
#Maecenas_Ant,#GUARDS.Dercetus_Ant,0,5,1,141,375,53,141
#Maecenas_Ant,#Gallus_Ant,1,5,1,141,375,53,141
#Maecenas_Ant,#Proculeius_Ant,1,5,1,141,375,53,141
#Octavius_JC,#Agrippa_Ant,12,5,1,141,375,53,141
#Octavius_JC,#GUARDS.Dercetus_Ant,0,5,1,141,375,53,141
#Octavius_JC,#Gallus_Ant,1,5,1,141,375,53,141
#Octavius_JC,#Maecenas_Ant,7,5,1,141,375,53,141
#Octavius_JC,#Proculeius_Ant,1,5,1,141,375,53,141
#Agrippa_Ant,#Egyptian_Ant,0,5,1,142,95,14,142
#Agrippa_Ant,#GUARDS.Dercetus_Ant,1,5,1,142,95,14,142
#Agrippa_Ant,#Gallus_Ant,2,5,1,142,95,14,142
#Agrippa_Ant,#Maecenas_Ant,10,5,1,142,95,14,142
#Agrippa_Ant,#Proculeius_Ant,2,5,1,142,95,14,142
#GUARDS.Dercetus_Ant,#Egyptian_Ant,0,5,1,142,95,14,142
#GUARDS.Dercetus_Ant,#Gallus_Ant,1,5,1,142,95,14,142
#GUARDS.Dercetus_Ant,#Proculeius_Ant,1,5,1,142,95,14,142
#Gallus_Ant,#Egyptian_Ant,0,5,1,142,95,14,142
#Gallus_Ant,#Proculeius_Ant,2,5,1,142,95,14,142
#Maecenas_Ant,#Egyptian_Ant,0,5,1,142,95,14,142
#Maecenas_Ant,#GUARDS.Dercetus_Ant,1,5,1,142,95,14,142
#Maecenas_Ant,#Gallus_Ant,2,5,1,142,95,14,142
#Maecenas_Ant,#Proculeius_Ant,2,5,1,142,95,14,142
#Octavius_JC,#Agrippa_Ant,13,5,1,142,95,14,142
#Octavius_JC,#Egyptian_Ant,0,5,1,142,95,14,142
#Octavius_JC,#GUARDS.Dercetus_Ant,1,5,1,142,95,14,142
#Octavius_JC,#Gallus_Ant,2,5,1,142,95,14,142
#Octavius_JC,#Maecenas_Ant,8,5,1,142,95,14,142
#Octavius_JC,#Proculeius_Ant,2,5,1,142,95,14,142
#Proculeius_Ant,#Egyptian_Ant,0,5,1,142,95,14,142
#Agrippa_Ant,#GUARDS.Dercetus_Ant,2,5,1,143,64,9,143
#Agrippa_Ant,#Gallus_Ant,3,5,1,143,64,9,143
#Agrippa_Ant,#Maecenas_Ant,11,5,1,143,64,9,143
#Agrippa_Ant,#Proculeius_Ant,3,5,1,143,64,9,143
#GUARDS.Dercetus_Ant,#Gallus_Ant,2,5,1,143,64,9,143
#GUARDS.Dercetus_Ant,#Proculeius_Ant,2,5,1,143,64,9,143
#Gallus_Ant,#Proculeius_Ant,3,5,1,143,64,9,143
#Maecenas_Ant,#GUARDS.Dercetus_Ant,2,5,1,143,64,9,143
#Maecenas_Ant,#Gallus_Ant,3,5,1,143,64,9,143
#Maecenas_Ant,#Proculeius_Ant,3,5,1,143,64,9,143
#Octavius_JC,#Agrippa_Ant,14,5,1,143,64,9,143
#Octavius_JC,#GUARDS.Dercetus_Ant,2,5,1,143,64,9,143
#Octavius_JC,#Gallus_Ant,3,5,1,143,64,9,143
#Octavius_JC,#Maecenas_Ant,9,5,1,143,64,9,143
#Octavius_JC,#Proculeius_Ant,3,5,1,143,64,9,143
#Agrippa_Ant,#GUARDS.Dercetus_Ant,3,5,1,144,4,1,144
#Agrippa_Ant,#Gallus_Ant,4,5,1,144,4,1,144
#Agrippa_Ant,#Maecenas_Ant,12,5,1,144,4,1,144
#GUARDS.Dercetus_Ant,#Gallus_Ant,3,5,1,144,4,1,144
#Maecenas_Ant,#GUARDS.Dercetus_Ant,3,5,1,144,4,1,144
#Maecenas_Ant,#Gallus_Ant,4,5,1,144,4,1,144
#Octavius_JC,#Agrippa_Ant,15,5,1,144,4,1,144
#Octavius_JC,#GUARDS.Dercetus_Ant,3,5,1,144,4,1,144
#Octavius_JC,#Gallus_Ant,4,5,1,144,4,1,144
#Octavius_JC,#Maecenas_Ant,10,5,1,144,4,1,144
#Agrippa_Ant,#GUARDS.Dercetus_Ant,4,5,1,145,62,10,145
#Agrippa_Ant,#Maecenas_Ant,13,5,1,145,62,10,145
#Maecenas_Ant,#GUARDS.Dercetus_Ant,4,5,1,145,62,10,145
#Octavius_JC,#Agrippa_Ant,16,5,1,145,62,10,145
#Octavius_JC,#GUARDS.Dercetus_Ant,4,5,1,145,62,10,145
#Octavius_JC,#Maecenas_Ant,11,5,1,145,62,10,145
#Charmian_Ant,#Cleopatra_Ant,45,5,2,146,59,8,146
#Charmian_Ant,#Iras_Ant,41,5,2,146,59,8,146
#Cleopatra_Ant,#Iras_Ant,40,5,2,146,59,8,146
#Charmian_Ant,#Cleopatra_Ant,46,5,2,147,221,31,147
#Charmian_Ant,#Iras_Ant,42,5,2,147,221,31,147
#Charmian_Ant,#Proculeius_Ant,0,5,2,147,221,31,147
#Cleopatra_Ant,#Iras_Ant,41,5,2,147,221,31,147
#Cleopatra_Ant,#Proculeius_Ant,0,5,2,147,221,31,147
#Iras_Ant,#Proculeius_Ant,0,5,2,147,221,31,147
#Charmian_Ant,#Cleopatra_Ant,47,5,2,148,225,36,148
#Charmian_Ant,#Gallus_Ant,0,5,2,148,225,36,148
#Charmian_Ant,#Iras_Ant,43,5,2,148,225,36,148
#Charmian_Ant,#Proculeius_Ant,1,5,2,148,225,36,148
#Charmian_Ant,#SOLDIERS.CAESAR_Ant,0,5,2,148,225,36,148
#Cleopatra_Ant,#Gallus_Ant,0,5,2,148,225,36,148
#Cleopatra_Ant,#Iras_Ant,42,5,2,148,225,36,148
#Cleopatra_Ant,#Proculeius_Ant,1,5,2,148,225,36,148
#Cleopatra_Ant,#SOLDIERS.CAESAR_Ant,0,5,2,148,225,36,148
#Gallus_Ant,#Proculeius_Ant,4,5,2,148,225,36,148
#Iras_Ant,#Gallus_Ant,0,5,2,148,225,36,148
#Iras_Ant,#Proculeius_Ant,1,5,2,148,225,36,148
#Iras_Ant,#SOLDIERS.CAESAR_Ant,0,5,2,148,225,36,148
#SOLDIERS.CAESAR_Ant,#Gallus_Ant,0,5,2,148,225,36,148
#SOLDIERS.CAESAR_Ant,#Proculeius_Ant,0,5,2,148,225,36,148
#Charmian_Ant,#Cleopatra_Ant,48,5,2,149,54,10,149
#Charmian_Ant,#Dolabella_Ant,0,5,2,149,54,10,149
#Charmian_Ant,#Gallus_Ant,1,5,2,149,54,10,149
#Charmian_Ant,#Iras_Ant,44,5,2,149,54,10,149
#Charmian_Ant,#Proculeius_Ant,2,5,2,149,54,10,149
#Charmian_Ant,#SOLDIERS.CAESAR_Ant,1,5,2,149,54,10,149
#Cleopatra_Ant,#Dolabella_Ant,0,5,2,149,54,10,149
#Cleopatra_Ant,#Gallus_Ant,1,5,2,149,54,10,149
#Cleopatra_Ant,#Iras_Ant,43,5,2,149,54,10,149
#Cleopatra_Ant,#Proculeius_Ant,2,5,2,149,54,10,149
#Cleopatra_Ant,#SOLDIERS.CAESAR_Ant,1,5,2,149,54,10,149
#Dolabella_Ant,#Gallus_Ant,1,5,2,149,54,10,149
#Dolabella_Ant,#Proculeius_Ant,1,5,2,149,54,10,149
#Gallus_Ant,#Proculeius_Ant,5,5,2,149,54,10,149
#Iras_Ant,#Dolabella_Ant,0,5,2,149,54,10,149
#Iras_Ant,#Gallus_Ant,1,5,2,149,54,10,149
#Iras_Ant,#Proculeius_Ant,2,5,2,149,54,10,149
#Iras_Ant,#SOLDIERS.CAESAR_Ant,1,5,2,149,54,10,149
#SOLDIERS.CAESAR_Ant,#Dolabella_Ant,0,5,2,149,54,10,149
#SOLDIERS.CAESAR_Ant,#Gallus_Ant,1,5,2,149,54,10,149
#SOLDIERS.CAESAR_Ant,#Proculeius_Ant,1,5,2,149,54,10,149
#Charmian_Ant,#Cleopatra_Ant,49,5,2,150,334,51,150
#Charmian_Ant,#Dolabella_Ant,1,5,2,150,334,51,150
#Charmian_Ant,#Iras_Ant,45,5,2,150,334,51,150
#Cleopatra_Ant,#Dolabella_Ant,1,5,2,150,334,51,150
#Cleopatra_Ant,#Iras_Ant,44,5,2,150,334,51,150
#Iras_Ant,#Dolabella_Ant,1,5,2,150,334,51,150
#ATTENDANTS.CAESAR_Ant,#Dolabella_Ant,3,5,2,151,232,34,151
#ATTENDANTS.CAESAR_Ant,#Gallus_Ant,0,5,2,151,232,34,151
#ATTENDANTS.CAESAR_Ant,#Proculeius_Ant,0,5,2,151,232,34,151
#Charmian_Ant,#ATTENDANTS.CAESAR_Ant,0,5,2,151,232,34,151
#Charmian_Ant,#Cleopatra_Ant,50,5,2,151,232,34,151
#Charmian_Ant,#Dolabella_Ant,2,5,2,151,232,34,151
#Charmian_Ant,#Gallus_Ant,2,5,2,151,232,34,151
#Charmian_Ant,#Iras_Ant,46,5,2,151,232,34,151
#Charmian_Ant,#Maecenas_Ant,0,5,2,151,232,34,151
#Charmian_Ant,#Octavius_JC,0,5,2,151,232,34,151
#Charmian_Ant,#Proculeius_Ant,3,5,2,151,232,34,151
#Cleopatra_Ant,#ATTENDANTS.CAESAR_Ant,0,5,2,151,232,34,151
#Cleopatra_Ant,#Dolabella_Ant,2,5,2,151,232,34,151
#Cleopatra_Ant,#Gallus_Ant,2,5,2,151,232,34,151
#Cleopatra_Ant,#Iras_Ant,45,5,2,151,232,34,151
#Cleopatra_Ant,#Maecenas_Ant,0,5,2,151,232,34,151
#Cleopatra_Ant,#Octavius_JC,0,5,2,151,232,34,151
#Cleopatra_Ant,#Proculeius_Ant,3,5,2,151,232,34,151
#Dolabella_Ant,#Gallus_Ant,2,5,2,151,232,34,151
#Dolabella_Ant,#Proculeius_Ant,2,5,2,151,232,34,151
#Gallus_Ant,#Proculeius_Ant,6,5,2,151,232,34,151
#Iras_Ant,#ATTENDANTS.CAESAR_Ant,0,5,2,151,232,34,151
#Iras_Ant,#Dolabella_Ant,2,5,2,151,232,34,151
#Iras_Ant,#Gallus_Ant,2,5,2,151,232,34,151
#Iras_Ant,#Maecenas_Ant,0,5,2,151,232,34,151
#Iras_Ant,#Octavius_JC,0,5,2,151,232,34,151
#Iras_Ant,#Proculeius_Ant,3,5,2,151,232,34,151
#Maecenas_Ant,#ATTENDANTS.CAESAR_Ant,0,5,2,151,232,34,151
#Maecenas_Ant,#Dolabella_Ant,1,5,2,151,232,34,151
#Maecenas_Ant,#Gallus_Ant,5,5,2,151,232,34,151
#Maecenas_Ant,#Proculeius_Ant,4,5,2,151,232,34,151
#Octavius_JC,#ATTENDANTS.CAESAR_Ant,3,5,2,151,232,34,151
#Octavius_JC,#Dolabella_Ant,7,5,2,151,232,34,151
#Octavius_JC,#Gallus_Ant,5,5,2,151,232,34,151
#Octavius_JC,#Maecenas_Ant,12,5,2,151,232,34,151
#Octavius_JC,#Proculeius_Ant,4,5,2,151,232,34,151
#ATTENDANTS.CAESAR_Ant,#Dolabella_Ant,4,5,2,152,270,40,152
#ATTENDANTS.CAESAR_Ant,#Gallus_Ant,1,5,2,152,270,40,152
#ATTENDANTS.CAESAR_Ant,#Proculeius_Ant,1,5,2,152,270,40,152
#ATTENDANTS.CAESAR_Ant,#Seleucus_Ant,0,5,2,152,270,40,152
#Charmian_Ant,#ATTENDANTS.CAESAR_Ant,1,5,2,152,270,40,152
#Charmian_Ant,#Cleopatra_Ant,51,5,2,152,270,40,152
#Charmian_Ant,#Dolabella_Ant,3,5,2,152,270,40,152
#Charmian_Ant,#Gallus_Ant,3,5,2,152,270,40,152
#Charmian_Ant,#Iras_Ant,47,5,2,152,270,40,152
#Charmian_Ant,#Maecenas_Ant,1,5,2,152,270,40,152
#Charmian_Ant,#Octavius_JC,1,5,2,152,270,40,152
#Charmian_Ant,#Proculeius_Ant,4,5,2,152,270,40,152
#Charmian_Ant,#Seleucus_Ant,0,5,2,152,270,40,152
#Cleopatra_Ant,#ATTENDANTS.CAESAR_Ant,1,5,2,152,270,40,152
#Cleopatra_Ant,#Dolabella_Ant,3,5,2,152,270,40,152
#Cleopatra_Ant,#Gallus_Ant,3,5,2,152,270,40,152
#Cleopatra_Ant,#Iras_Ant,46,5,2,152,270,40,152
#Cleopatra_Ant,#Maecenas_Ant,1,5,2,152,270,40,152
#Cleopatra_Ant,#Octavius_JC,1,5,2,152,270,40,152
#Cleopatra_Ant,#Proculeius_Ant,4,5,2,152,270,40,152
#Cleopatra_Ant,#Seleucus_Ant,0,5,2,152,270,40,152
#Dolabella_Ant,#Gallus_Ant,3,5,2,152,270,40,152
#Dolabella_Ant,#Proculeius_Ant,3,5,2,152,270,40,152
#Dolabella_Ant,#Seleucus_Ant,0,5,2,152,270,40,152
#Gallus_Ant,#Proculeius_Ant,7,5,2,152,270,40,152
#Gallus_Ant,#Seleucus_Ant,0,5,2,152,270,40,152
#Iras_Ant,#ATTENDANTS.CAESAR_Ant,1,5,2,152,270,40,152
#Iras_Ant,#Dolabella_Ant,3,5,2,152,270,40,152
#Iras_Ant,#Gallus_Ant,3,5,2,152,270,40,152
#Iras_Ant,#Maecenas_Ant,1,5,2,152,270,40,152
#Iras_Ant,#Octavius_JC,1,5,2,152,270,40,152
#Iras_Ant,#Proculeius_Ant,4,5,2,152,270,40,152
#Iras_Ant,#Seleucus_Ant,0,5,2,152,270,40,152
#Maecenas_Ant,#ATTENDANTS.CAESAR_Ant,1,5,2,152,270,40,152
#Maecenas_Ant,#Dolabella_Ant,2,5,2,152,270,40,152
#Maecenas_Ant,#Gallus_Ant,6,5,2,152,270,40,152
#Maecenas_Ant,#Proculeius_Ant,5,5,2,152,270,40,152
#Maecenas_Ant,#Seleucus_Ant,0,5,2,152,270,40,152
#Octavius_JC,#ATTENDANTS.CAESAR_Ant,4,5,2,152,270,40,152
#Octavius_JC,#Dolabella_Ant,8,5,2,152,270,40,152
#Octavius_JC,#Gallus_Ant,6,5,2,152,270,40,152
#Octavius_JC,#Maecenas_Ant,13,5,2,152,270,40,152
#Octavius_JC,#Proculeius_Ant,5,5,2,152,270,40,152
#Octavius_JC,#Seleucus_Ant,0,5,2,152,270,40,152
#Proculeius_Ant,#Seleucus_Ant,0,5,2,152,270,40,152
#ATTENDANTS.CAESAR_Ant,#Dolabella_Ant,5,5,2,153,123,19,153
#ATTENDANTS.CAESAR_Ant,#Gallus_Ant,2,5,2,153,123,19,153
#ATTENDANTS.CAESAR_Ant,#Proculeius_Ant,2,5,2,153,123,19,153
#Charmian_Ant,#ATTENDANTS.CAESAR_Ant,2,5,2,153,123,19,153
#Charmian_Ant,#Cleopatra_Ant,52,5,2,153,123,19,153
#Charmian_Ant,#Dolabella_Ant,4,5,2,153,123,19,153
#Charmian_Ant,#Gallus_Ant,4,5,2,153,123,19,153
#Charmian_Ant,#Iras_Ant,48,5,2,153,123,19,153
#Charmian_Ant,#Maecenas_Ant,2,5,2,153,123,19,153
#Charmian_Ant,#Octavius_JC,2,5,2,153,123,19,153
#Charmian_Ant,#Proculeius_Ant,5,5,2,153,123,19,153
#Cleopatra_Ant,#ATTENDANTS.CAESAR_Ant,2,5,2,153,123,19,153
#Cleopatra_Ant,#Dolabella_Ant,4,5,2,153,123,19,153
#Cleopatra_Ant,#Gallus_Ant,4,5,2,153,123,19,153
#Cleopatra_Ant,#Iras_Ant,47,5,2,153,123,19,153
#Cleopatra_Ant,#Maecenas_Ant,2,5,2,153,123,19,153
#Cleopatra_Ant,#Octavius_JC,2,5,2,153,123,19,153
#Cleopatra_Ant,#Proculeius_Ant,5,5,2,153,123,19,153
#Dolabella_Ant,#Gallus_Ant,4,5,2,153,123,19,153
#Dolabella_Ant,#Proculeius_Ant,4,5,2,153,123,19,153
#Gallus_Ant,#Proculeius_Ant,8,5,2,153,123,19,153
#Iras_Ant,#ATTENDANTS.CAESAR_Ant,2,5,2,153,123,19,153
#Iras_Ant,#Dolabella_Ant,4,5,2,153,123,19,153
#Iras_Ant,#Gallus_Ant,4,5,2,153,123,19,153
#Iras_Ant,#Maecenas_Ant,2,5,2,153,123,19,153
#Iras_Ant,#Octavius_JC,2,5,2,153,123,19,153
#Iras_Ant,#Proculeius_Ant,5,5,2,153,123,19,153
#Maecenas_Ant,#ATTENDANTS.CAESAR_Ant,2,5,2,153,123,19,153
#Maecenas_Ant,#Dolabella_Ant,3,5,2,153,123,19,153
#Maecenas_Ant,#Gallus_Ant,7,5,2,153,123,19,153
#Maecenas_Ant,#Proculeius_Ant,6,5,2,153,123,19,153
#Octavius_JC,#ATTENDANTS.CAESAR_Ant,5,5,2,153,123,19,153
#Octavius_JC,#Dolabella_Ant,9,5,2,153,123,19,153
#Octavius_JC,#Gallus_Ant,7,5,2,153,123,19,153
#Octavius_JC,#Maecenas_Ant,14,5,2,153,123,19,153
#Octavius_JC,#Proculeius_Ant,6,5,2,153,123,19,153
#Charmian_Ant,#Cleopatra_Ant,53,5,2,154,53,8,154
#Charmian_Ant,#Iras_Ant,49,5,2,154,53,8,154
#Cleopatra_Ant,#Iras_Ant,48,5,2,154,53,8,154
#Charmian_Ant,#Cleopatra_Ant,54,5,2,155,5,2,155
#Charmian_Ant,#Dolabella_Ant,5,5,2,155,5,2,155
#Charmian_Ant,#Iras_Ant,50,5,2,155,5,2,155
#Cleopatra_Ant,#Dolabella_Ant,5,5,2,155,5,2,155
#Cleopatra_Ant,#Iras_Ant,49,5,2,155,5,2,155
#Iras_Ant,#Dolabella_Ant,5,5,2,155,5,2,155
#Cleopatra_Ant,#Dolabella_Ant,6,5,2,156,71,13,156
#Cleopatra_Ant,#Iras_Ant,50,5,2,156,71,13,156
#Iras_Ant,#Dolabella_Ant,6,5,2,156,71,13,156
#Cleopatra_Ant,#Iras_Ant,51,5,2,157,145,23,157
#Charmian_Ant,#Cleopatra_Ant,55,5,2,158,52,8,158
#Charmian_Ant,#Iras_Ant,51,5,2,158,52,8,158
#Cleopatra_Ant,#Iras_Ant,52,5,2,158,52,8,158
#Charmian_Ant,#Cleopatra_Ant,56,5,2,159,3,1,159
#Charmian_Ant,#Cleopatra_Ant,57,5,2,160,21,4,160
#Charmian_Ant,#GUARDS.CAESAR.1_Ant,0,5,2,160,21,4,160
#Cleopatra_Ant,#GUARDS.CAESAR.1_Ant,0,5,2,160,21,4,160
#Charmian_Ant,#Cleopatra_Ant,58,5,2,161,41,6,161
#Charmian_Ant,#Cleopatra_Ant,59,5,2,162,8,2,162
#Charmian_Ant,#Countryman_Ant,0,5,2,162,8,2,162
#Charmian_Ant,#GUARDS.CAESAR.1_Ant,1,5,2,162,8,2,162
#Cleopatra_Ant,#Countryman_Ant,0,5,2,162,8,2,162
#Cleopatra_Ant,#GUARDS.CAESAR.1_Ant,1,5,2,162,8,2,162
#GUARDS.CAESAR.1_Ant,#Countryman_Ant,0,5,2,162,8,2,162
#Charmian_Ant,#Cleopatra_Ant,60,5,2,163,298,38,163
#Charmian_Ant,#Countryman_Ant,1,5,2,163,298,38,163
#Cleopatra_Ant,#Countryman_Ant,1,5,2,163,298,38,163
#Charmian_Ant,#Cleopatra_Ant,61,5,2,164,321,45,164
#Charmian_Ant,#Iras_Ant,52,5,2,164,321,45,164
#Cleopatra_Ant,#Iras_Ant,53,5,2,164,321,45,164
#Charmian_Ant,#Cleopatra_Ant,62,5,2,165,30,6,165
#Charmian_Ant,#GUARDS.CAESAR.0.1_Ant,0,5,2,165,30,6,165
#Charmian_Ant,#GUARDS.CAESAR_Ant,0,5,2,165,30,6,165
#Charmian_Ant,#Iras_Ant,53,5,2,165,30,6,165
#Cleopatra_Ant,#GUARDS.CAESAR.0.1_Ant,0,5,2,165,30,6,165
#Cleopatra_Ant,#GUARDS.CAESAR_Ant,0,5,2,165,30,6,165
#Cleopatra_Ant,#Iras_Ant,54,5,2,165,30,6,165
#GUARDS.CAESAR.0.1_Ant,#GUARDS.CAESAR_Ant,0,5,2,165,30,6,165
#Iras_Ant,#GUARDS.CAESAR.0.1_Ant,0,5,2,165,30,6,165
#Iras_Ant,#GUARDS.CAESAR_Ant,0,5,2,165,30,6,165
#Charmian_Ant,#Cleopatra_Ant,63,5,2,166,33,5,166
#Charmian_Ant,#GUARDS.CAESAR.0.1_Ant,1,5,2,166,33,5,166
#Charmian_Ant,#GUARDS.CAESAR.0.2_Ant,0,5,2,166,33,5,166
#Charmian_Ant,#GUARDS.CAESAR_Ant,1,5,2,166,33,5,166
#Charmian_Ant,#Iras_Ant,54,5,2,166,33,5,166
#Cleopatra_Ant,#GUARDS.CAESAR.0.1_Ant,1,5,2,166,33,5,166
#Cleopatra_Ant,#GUARDS.CAESAR.0.2_Ant,0,5,2,166,33,5,166
#Cleopatra_Ant,#GUARDS.CAESAR_Ant,1,5,2,166,33,5,166
#Cleopatra_Ant,#Iras_Ant,55,5,2,166,33,5,166
#GUARDS.CAESAR.0.1_Ant,#GUARDS.CAESAR.0.2_Ant,0,5,2,166,33,5,166
#GUARDS.CAESAR.0.1_Ant,#GUARDS.CAESAR_Ant,1,5,2,166,33,5,166
#GUARDS.CAESAR_Ant,#GUARDS.CAESAR.0.2_Ant,0,5,2,166,33,5,166
#Iras_Ant,#GUARDS.CAESAR.0.1_Ant,1,5,2,166,33,5,166
#Iras_Ant,#GUARDS.CAESAR.0.2_Ant,0,5,2,166,33,5,166
#Iras_Ant,#GUARDS.CAESAR_Ant,1,5,2,166,33,5,166
#Charmian_Ant,#Cleopatra_Ant,64,5,2,167,29,6,167
#Charmian_Ant,#Dolabella_Ant,6,5,2,167,29,6,167
#Charmian_Ant,#GUARDS.CAESAR.0.1_Ant,2,5,2,167,29,6,167
#Charmian_Ant,#GUARDS.CAESAR.0.2_Ant,1,5,2,167,29,6,167
#Charmian_Ant,#GUARDS.CAESAR_Ant,2,5,2,167,29,6,167
#Charmian_Ant,#Iras_Ant,55,5,2,167,29,6,167
#Cleopatra_Ant,#Dolabella_Ant,7,5,2,167,29,6,167
#Cleopatra_Ant,#GUARDS.CAESAR.0.1_Ant,2,5,2,167,29,6,167
#Cleopatra_Ant,#GUARDS.CAESAR.0.2_Ant,1,5,2,167,29,6,167
#Cleopatra_Ant,#GUARDS.CAESAR_Ant,2,5,2,167,29,6,167
#Cleopatra_Ant,#Iras_Ant,56,5,2,167,29,6,167
#Dolabella_Ant,#GUARDS.CAESAR.0.1_Ant,0,5,2,167,29,6,167
#Dolabella_Ant,#GUARDS.CAESAR.0.2_Ant,0,5,2,167,29,6,167
#Dolabella_Ant,#GUARDS.CAESAR_Ant,0,5,2,167,29,6,167
#GUARDS.CAESAR.0.1_Ant,#GUARDS.CAESAR.0.2_Ant,1,5,2,167,29,6,167
#GUARDS.CAESAR.0.1_Ant,#GUARDS.CAESAR_Ant,2,5,2,167,29,6,167
#GUARDS.CAESAR_Ant,#GUARDS.CAESAR.0.2_Ant,1,5,2,167,29,6,167
#Iras_Ant,#Dolabella_Ant,7,5,2,167,29,6,167
#Iras_Ant,#GUARDS.CAESAR.0.1_Ant,2,5,2,167,29,6,167
#Iras_Ant,#GUARDS.CAESAR.0.2_Ant,1,5,2,167,29,6,167
#Iras_Ant,#GUARDS.CAESAR_Ant,2,5,2,167,29,6,167
#ATTENDANTS.CAESAR_Ant,#Dolabella_Ant,6,5,2,168,268,41,168
#ATTENDANTS.CAESAR_Ant,#GUARDS.CAESAR.0.1_Ant,0,5,2,168,268,41,168
#ATTENDANTS.CAESAR_Ant,#GUARDS.CAESAR.0.2_Ant,0,5,2,168,268,41,168
#ATTENDANTS.CAESAR_Ant,#GUARDS.CAESAR_Ant,0,5,2,168,268,41,168
#ATTENDANTS.CAESAR_Ant,#Gallus_Ant,3,5,2,168,268,41,168
#ATTENDANTS.CAESAR_Ant,#Proculeius_Ant,3,5,2,168,268,41,168
#Charmian_Ant,#ATTENDANTS.CAESAR_Ant,3,5,2,168,268,41,168
#Charmian_Ant,#Cleopatra_Ant,65,5,2,168,268,41,168
#Charmian_Ant,#Dolabella_Ant,7,5,2,168,268,41,168
#Charmian_Ant,#GUARDS.CAESAR.0.1_Ant,3,5,2,168,268,41,168
#Charmian_Ant,#GUARDS.CAESAR.0.2_Ant,2,5,2,168,268,41,168
#Charmian_Ant,#GUARDS.CAESAR_Ant,3,5,2,168,268,41,168
#Charmian_Ant,#Gallus_Ant,5,5,2,168,268,41,168
#Charmian_Ant,#Iras_Ant,56,5,2,168,268,41,168
#Charmian_Ant,#Maecenas_Ant,3,5,2,168,268,41,168
#Charmian_Ant,#Octavius_JC,3,5,2,168,268,41,168
#Charmian_Ant,#Proculeius_Ant,6,5,2,168,268,41,168
#Cleopatra_Ant,#ATTENDANTS.CAESAR_Ant,3,5,2,168,268,41,168
#Cleopatra_Ant,#Dolabella_Ant,8,5,2,168,268,41,168
#Cleopatra_Ant,#GUARDS.CAESAR.0.1_Ant,3,5,2,168,268,41,168
#Cleopatra_Ant,#GUARDS.CAESAR.0.2_Ant,2,5,2,168,268,41,168
#Cleopatra_Ant,#GUARDS.CAESAR_Ant,3,5,2,168,268,41,168
#Cleopatra_Ant,#Gallus_Ant,5,5,2,168,268,41,168
#Cleopatra_Ant,#Iras_Ant,57,5,2,168,268,41,168
#Cleopatra_Ant,#Maecenas_Ant,3,5,2,168,268,41,168
#Cleopatra_Ant,#Octavius_JC,3,5,2,168,268,41,168
#Cleopatra_Ant,#Proculeius_Ant,6,5,2,168,268,41,168
#Dolabella_Ant,#GUARDS.CAESAR.0.1_Ant,1,5,2,168,268,41,168
#Dolabella_Ant,#GUARDS.CAESAR.0.2_Ant,1,5,2,168,268,41,168
#Dolabella_Ant,#GUARDS.CAESAR_Ant,1,5,2,168,268,41,168
#Dolabella_Ant,#Gallus_Ant,5,5,2,168,268,41,168
#Dolabella_Ant,#Proculeius_Ant,5,5,2,168,268,41,168
#GUARDS.CAESAR.0.1_Ant,#GUARDS.CAESAR.0.2_Ant,2,5,2,168,268,41,168
#GUARDS.CAESAR.0.1_Ant,#GUARDS.CAESAR_Ant,3,5,2,168,268,41,168
#GUARDS.CAESAR_Ant,#GUARDS.CAESAR.0.2_Ant,2,5,2,168,268,41,168
#Gallus_Ant,#GUARDS.CAESAR.0.1_Ant,0,5,2,168,268,41,168
#Gallus_Ant,#GUARDS.CAESAR.0.2_Ant,0,5,2,168,268,41,168
#Gallus_Ant,#GUARDS.CAESAR_Ant,0,5,2,168,268,41,168
#Gallus_Ant,#Proculeius_Ant,9,5,2,168,268,41,168
#Iras_Ant,#ATTENDANTS.CAESAR_Ant,3,5,2,168,268,41,168
#Iras_Ant,#Dolabella_Ant,8,5,2,168,268,41,168
#Iras_Ant,#GUARDS.CAESAR.0.1_Ant,3,5,2,168,268,41,168
#Iras_Ant,#GUARDS.CAESAR.0.2_Ant,2,5,2,168,268,41,168
#Iras_Ant,#GUARDS.CAESAR_Ant,3,5,2,168,268,41,168
#Iras_Ant,#Gallus_Ant,5,5,2,168,268,41,168
#Iras_Ant,#Maecenas_Ant,3,5,2,168,268,41,168
#Iras_Ant,#Octavius_JC,3,5,2,168,268,41,168
#Iras_Ant,#Proculeius_Ant,6,5,2,168,268,41,168
#Maecenas_Ant,#ATTENDANTS.CAESAR_Ant,3,5,2,168,268,41,168
#Maecenas_Ant,#Dolabella_Ant,4,5,2,168,268,41,168
#Maecenas_Ant,#GUARDS.CAESAR.0.1_Ant,0,5,2,168,268,41,168
#Maecenas_Ant,#GUARDS.CAESAR.0.2_Ant,0,5,2,168,268,41,168
#Maecenas_Ant,#GUARDS.CAESAR_Ant,0,5,2,168,268,41,168
#Maecenas_Ant,#Gallus_Ant,8,5,2,168,268,41,168
#Maecenas_Ant,#Proculeius_Ant,7,5,2,168,268,41,168
#Octavius_JC,#ATTENDANTS.CAESAR_Ant,6,5,2,168,268,41,168
#Octavius_JC,#Dolabella_Ant,10,5,2,168,268,41,168
#Octavius_JC,#GUARDS.CAESAR.0.1_Ant,0,5,2,168,268,41,168
#Octavius_JC,#GUARDS.CAESAR.0.2_Ant,0,5,2,168,268,41,168
#Octavius_JC,#GUARDS.CAESAR_Ant,0,5,2,168,268,41,168
#Octavius_JC,#Gallus_Ant,8,5,2,168,268,41,168
#Octavius_JC,#Maecenas_Ant,15,5,2,168,268,41,168
#Octavius_JC,#Proculeius_Ant,7,5,2,168,268,41,168
#Proculeius_Ant,#GUARDS.CAESAR.0.1_Ant,0,5,2,168,268,41,168
#Proculeius_Ant,#GUARDS.CAESAR.0.2_Ant,0,5,2,168,268,41,168
#Proculeius_Ant,#GUARDS.CAESAR_Ant,0,5,2,168,268,41,168
